Article ID,Website,Headline,Caption,Media Type,Media Link,Caption Entities,Media Main Entities,Match Rate,Detailed?,Subjective?
00FOX,FOX,"Ryan goes on offense over Medicare, accuses Obama of treating program like 'piggy bank'",Exclusive: Republican vice presidential candidate sits down with Brit Hume for first solo interview since VP announcement,VIDEO,https://a57.foxnews.com/video.foxnews.com/thumbnails/081412/640/360/931/524/081412_sr_ryanfull_640.jpg?ve=1&tl=1,"Paul Ryan, Brit Hume",Paul Ryan,0.5,,
00NYT,NYT,Battle Over Medicare Savings Intensifies Between Obama and Paul Ryan,"Representative Paul D. Ryan, at a campaign stop Tuesday in Colorado, says Medicare is “a debate we want to have.”",IMAGE,https://static01.nyt.com/images/2012/08/15/us/15medicare/15medicare-articleLarge.jpg?quality=75&auto=webp&disable=upscale,Paul Ryan,Paul Ryan,1,,
01FOX,FOX,"Trump Bows Out as Moderator of GOP Debate, Reserves Right to Run for President","          Dec. 5, 2011: Donald Trump speaks in New York.
          (AP)",IMAGE,https://a57.foxnews.com/a57.foxnews.com/static.foxnews.com/foxnews.com/content/uploads/2018/09/640/320/1862/1048/trump_ny_120511.jpg?ve=1&tl=1?ve=1&tl=1,Donald Trump,Donald Trump,1,,
02FOX,FOX,"Trump declares emergency on border, eyes $8B for wall as he signs spending package",Trump says he will be signing a national emergency declaration to confront the crisis at the southern border.,VIDEO,http://video.foxnews.com/v/6002668263001,Donald Trump,Donald Trump,1,,
02NYT,NYT,"Trump Declares a National Emergency, and Provokes a Constitutional Clash","After declaring a national emergency to build a border wall, President Trump said “I want to get it done faster, that’s all.” The move bypasses Congress.",VIDEO,https://nyti.ms/2Ede7NO,"Donald Trump, Congress",Donald Trump,0.5,,
03FOX,FOX,"Double-Dip Recession Possible Without Tax Deal, Obama's Top Economic Aide Warns","          FILE: Oct. 16, 2009: Lawrence Summers, then-White House chief economic adviser, speaks at the Buttonwood Gathering in New York.
          (AP)",IMAGE,https://a57.foxnews.com/a57.foxnews.com/static.foxnews.com/foxnews.com/content/uploads/2018/09/640/320/1862/1048/Lawrence-Summers.jpg?ve=1&tl=1?ve=1&tl=1,Lawrence Summers,Lawrence Summers,1,,
04FOX,FOX,Aide to GOP lawmaker apologizes for Facebook post ripping Obama daughters,"          November 26, 2014: President Barack Obama, joined by his daughters Malia, right, and Sasha, center, speaks during the presidential turkey pardon ceremony at the White House. (AP Photo/Jacquelyn Martin)
          ",IMAGE,https://a57.foxnews.com/a57.foxnews.com/static.foxnews.com/foxnews.com/content/uploads/2018/09/640/320/1862/1048/Obama-Turkey-Pardon_Cham640360113014.jpg?ve=1&tl=1?ve=1&tl=1,"Barack Obama, Malia Obama, Sasha Obama",,,,
04NYT,NYT,"G.O.P. Aide Quits After Ridiculing Obama’s Daughters, Sasha and Malia",A Republican spokeswoman found fault with the attire of Sasha and Malia Obama at the presidential turkey pardon.,IMAGE,https://static01.nyt.com/images/2014/12/02/us/DAUGHTERS/DAUGHTERS-articleLarge.jpg?quality=75&auto=webp&disable=upscale,"Elizabeth Lauten, Sasha Obama, Malia Obama",,,,
05FOX,FOX,Donald Trump Jr. releases messages with WikiLeaks from before election,President Trump's eldest son corresponded with WikiLeaks before the 2016 presidential election; Rep. Ron DeSantis weighs in.,VIDEO,https://a57.foxnews.com/static.foxnews.com/foxnews.com/content/uploads/2018/10/340/340/img_2751-54438.jpg?ve=1&tl=1,"Donald Trump Jr., WikiLeaks, Ron DeSentis",,,,
05NYT,NYT,Donald Trump Jr. Communicated With WikiLeaks During Campaign,Donald Trump Jr. at the third presidential debate last year.,IMAGE,https://static01.nyt.com/images/2017/11/14/us/politics/14dc-wikileaks1/14dc-wikileaks1-articleLarge.jpg?quality=75&auto=webp&disable=upscale,Donald Trump Jr.,,,,
06FOX,FOX,Reid Breaks With Obama Over Proposed Ground Zero Mosque,"President Obama has expressed his support for the construction of a Muslim community center and mosque near the World Trade Center site in downtown Manhattan, as many protest the plan, saying it is wrong to build a mosque so close to the site of the Sept. 11 attacks. ",IMAGE,https://a57.foxnews.com/static.foxnews.com/foxnews.com/content/uploads/2018/09/931/524/Proposed-Mosque-Site.jpg?ve=1&tl=1,Barack Obama,,,,
06NYT,NYT,G.O.P. Seizes on Mosque Issue Ahead of Elections,Senator Harry Reid of Nevada.,IMAGE,https://static01.nyt.com/images/2010/08/17/us/MOSQUE/MOSQUE-jumbo.jpg?quality=75&auto=webp&disable=upscale,Harry Reid,,,,
07FOX,FOX,Adam Schiff urged to step down as chairman by House Intelligence Committee Republicans,The nine Republicans on the House Intelligence Committee present a letter calling for the resignation of Democrat Chair Adam Schiff over his repeated claims of Trump-Russia collusion after the release of the Mueller report.,VIDEO,https://a57.foxnews.com/media2.foxnews.com/BrightCove/694940094001/2019/03/28/931/524/694940094001_6019177201001_6019186018001-vs.jpg?ve=1&tl=1,"GOP committee members, Adam Schiff, Donald Trump, Robert Mueller",,,,
07NYT,NYT,Demands for Adam Schiff's Head Highlight Chasm That Only Widened With Mueller's Conclusion,"Republicans in the House Intelligence Committee called for the chairman, Representative Adam Schiff, to step down.",VIDEO,https://static01.nyt.com/images/2019/03/28/us/politics/28dc-intel1/28dc-intel1-videoSixteenByNine3000.jpg,"GOP committee members, Adam Schiff",,,,
08FOX,FOX,"In first foreign policy speech, candidate Rubio pushes stronger U.S. leadership","          WAUKEE, IA - APRIL 25:  Senator Marco Rubio (R-FL) speaks to guests gathered at the Point of Grace Church for the Iowa Faith and Freedom Coalition 2015 Spring Kickoff on April 25, 2015 in Waukee, Iowa. The Iowa Faith &amp; Freedom Coalition, a conservative Christian organization, hosted 9 potential contenders for the 2016 Republican presidential nominations at the event.  (Photo by Scott Olson/Getty Images)
          (2015 Getty Images)",IMAGE,https://a57.foxnews.com/static.foxnews.com/foxnews.com/content/uploads/2018/09/340/340/lizphotocrop.jpeg?ve=1&tl=1,"Marco Rubio, Iowa Faith & Freedom Coalition",,,,
08NYT,NYT,Marco Rubio to Outline His Approach to Foreign Policy,"Senator Marco Rubio at the Freedom Summit in Greenville, S.C., this month.",IMAGE,https://static01.nyt.com/images/2015/05/13/us/politics/13firstdraft-rubio/13firstdraft-rubio-tmagArticle.jpg,Marco Rubio,,,,
09FOX,FOX,"Democrats urge Trump to cancel Putin summit, after indictment of Russian intel officers",Herald Group Vice President of Public Affairs Sabrina Schaeffer and Daily Caller News Foundation Editor-in-Chief Chris Bedford on the indictments of 12 Russian intelligence officers as part of the Mueller investigation.,VIDEO,https://a57.foxnews.com/static.foxnews.com/foxnews.com/content/uploads/2018/10/340/340/img_2751-54438.jpg?ve=1&tl=1,"Sabrina Schaeffer, Chris Bedford, Russian intelligence officers, Robert Mueller",,,,
09NYT,NYT,Democrats Say Trump Should Cancel Putin Meeting After Indictments,"Senator Chuck Schumer of New York, the Democratic leader, said President Trump should cancel his meeting with President Vladimir V. Putin of Russia.",IMAGE,https://static01.nyt.com/images/2018/07/14/us/politics/14dc-cong1/merlin_141048030_6e791359-e5d8-4183-baf5-76b9997aca2b-articleLarge.jpg?quality=75&auto=webp&disable=upscale,"Chuck Schumer, Donald Trump, Vladimir Putin",,,,
11NYT,NYT,Trump Signs Bill Reopening Government for 3 Weeks in Surprise Retreat From Wall,President Trump said he would end the partial government shutdown for three weeks while negotiations over the border wall continue. He also indicated that he was open to declaring a national emergency or shutting down the government again if Republicans and Democrats cannot reach an agreement on wall money by the February deadline.,VIDEO,https://nyti.ms/2Sa8M1E,Donald Trump,Donald Trump,1,,
12FOX,FOX,NRA urges states to allow more armed officers in schools,"          FILE: Dec. 21, 2012: National Rifle Association CEO Wayne LaPierre pauses as he makes a statement during a news conference in Washington.
          (AP)",IMAGE,https://a57.foxnews.com/a57.foxnews.com/static.foxnews.com/foxnews.com/content/uploads/2018/09/640/320/1862/1048/013aa046-nra_lapierre_122112.jpg?ve=1&tl=1?ve=1&tl=1,"National Rifle Association, Wayne LaPierre",Wayne LaPierre,0.5,,
12NYT,NYT,N.R.A. Details Plan for Armed School Guards,The Times’s Sheryl Gay Stolberg discusses a new proposal commissioned by the National Rifle Association to place trained guards in American schools.,VIDEO,https://static01.nyt.com/images/2013/04/02/us/video-tc-130402-schoolguards/video-tc-130402-schoolguards-videoSmall.jpg,"Sheryl Gay Stolberg, National Rifle Association",Asa Hutchinson,0,,
13FOX,FOX,Trump holds off reversing ban on elephant trophy imports,President tweets that the decision is on hold until conservation facts are reviewed.,VIDEO,https://a57.foxnews.com/media2.foxnews.com/BrightCove/694940094001/2017/11/19/931/524/694940094001_5651877902001_5651868712001-vs.jpg?ve=1&tl=1,Donald Trump,elephants,0,,
13NYT,NYT,"For Now, Trump to Keep Ban on Importing Elephant Trophies","An elephant in Zimbabwe in 2012. “Put big game trophy decision on hold until such time as I review all conservation facts,” President Trump tweeted on Friday night.",IMAGE,https://static01.nyt.com/images/2017/11/18/business/18dc-elephant1-sub/18dc-elephant1-sub-articleLarge.jpg?quality=75&auto=webp&disable=upscale,Donald Trump,elephants,0,,
14FOX,FOX,Holder says he understands mistrust of police as Ferguson protests dwindle,Adam Housley reports from Missouri,VIDEO,https://a57.foxnews.com/a57.foxnews.com/media2.foxnews.com/thumbnails/i/082114/640/360/931/524/082114_housley_ferguson_640.jpg?ve=1&tl=1,Adam Housley,protestors,0,,
14NYT,NYT,"As Tension Eases on Ferguson's Streets, Focus Turns to Investigation","Confrontations between protesters and law enforcement continued overnight on Tuesday in Ferguson, Mo.",VIDEO,https://static01.nyt.com/images/2014/08/20/us/20missouri-slide-9V2O/20missouri-slide-9V2O-videoLarge-v2.jpg,"protestors, police","protestors, police",1,,
15FOX,FOX,NJ Gov Chris Christie to Throw His Hat in the Ring for White House Run,"New Jersey Gov. Chris Christie signs the state's 2016 budget, Friday, June 26, 2015, in Trenton, N.J. Christie vetoed more than $1.6 billion from the 2016 budget approved by the Democratic-controlled Legislature and signed a roughly $34 billion budget into law. (AP Photo/Julio Cortez)",IMAGE,https://a57.foxnews.com/a57.foxnews.com/static.foxnews.com/foxnews.com/content/uploads/2018/09/640/320/1862/1048/ChristieBlog.jpg?ve=1&tl=1?ve=1&tl=1,Chris Christie,Chris Christie,1,,
15NYT,NYT,"Chris Christie Announces Run, Pledging ‘Truth’ About Nation’s Woes","Gov. Chris Christie of New Jersey told supporters on Tuesday in Livingston, N.J., that he was joining the 2016 presidential race.",VIDEO,https://static01.nyt.com/images/2015/07/01/us/01announce1/01announce1-videoSixteenByNine1050-v2.jpg,Chris Christie,Chris Christie,1,,
16FOX,FOX,Arizona Sheriff Joe Arpaio Endorses Rick Perry,"PHOENIX, AZ - APRIL 17:   Inmates walk as they are moved after being ordered by Maricopa County Sheriff Officer Joe Arpaio (R), looking on, to be placed into new housing to open up new beds for maximum security inmates on April 17, 2009 in Phoenix, Arizona. Arpaio has been facing criticism from Hispanic activists and lawmakers, alleging that Arpaio's crackdown methods on illegal immigrants involve racial profiling. (Photo by Joshua Lott/Getty Images) *** Local Caption *** Joe Arpaio",IMAGE,https://a57.foxnews.com/static.foxnews.com/foxnews.com/content/uploads/2018/09/1862/1048/c5f2b2a9-ARPAIO-BIG-TOP.jpg?ve=1&tl=1,Joe Arpaio,Joe Arpaio,1,,
17FOX,FOX,RNC Chairman Steele to Announce Intentions on a Second Term,"          RNC Chairman Michael Steele
          (AP)",IMAGE,https://a57.foxnews.com/a57.foxnews.com/static.foxnews.com/foxnews.com/content/uploads/2018/09/640/320/1862/1048/9e5823f9-steele.jpg?ve=1&tl=1?ve=1&tl=1,Michael Steele,Michael Steele,1,,
19FOX,FOX,White House Asked Bill Clinton to Urge Sestak to Drop Out of Senate Race,"          ""Former President Bill Clinton denies a White House account that he urged Rep. Joe Sestak to drop out of a Senate primary. (AP)""",IMAGE,https://a57.foxnews.com/a57.foxnews.com/static.foxnews.com/foxnews.com/content/uploads/2018/09/640/320/1862/1048/clinton_sestak.jpg?ve=1&tl=1?ve=1&tl=1,"Bill Clinton, Joe Sestak","Bill Clinton, Joe Sestak",1,,
19NYT,NYT,White House Used Bill Clinton to Ask Sestak to Drop Out of Race,"President Bill Clinton with Joe Sestak, and his wife, Susan, in 2006, when Mr. Sestak was running for the House of Representatives.",IMAGE,https://static01.nyt.com/images/2010/05/29/us/29sestak-cnd/29sestak-cnd-blogSpan.jpg,"Bill Clinton, Joe Sestak, Susan Sestak","Bill Clinton, Joe Sestak, Susan Sestak",1,,
20FOX,FOX,Dem running for Senate in Iowa mocks Grassley as farmer 'who never went to law school',"          Rep. Bruce Braley, left, and Sen. Chuck Grassley.
          (AP/reuters)",IMAGE,https://a57.foxnews.com/a57.foxnews.com/static.foxnews.com/foxnews.com/content/uploads/2018/09/640/320/1862/1048/braleygrassley.jpg?ve=1&tl=1?ve=1&tl=1,"Bruce Braley, Chuck Grassley","Bruce Braley, Chuck Grassley",1,,
20NYT,NYT,Representative Apologizes for Criticizing Iowa Senator,America Rising posted video of Representative Bruce Braley talking about Senator Charles E. Grassley.,VIDEO,https://www.youtube.com/embed/QH51LNpqZ94,"America Rising, Bruce Braley, Chuck Grassley",Brice Braley,0.33333,,
21NYT,NYT,Nebraska and Oklahoma Sue Colorado Over Marijuana Law,Cultivating marijuana near Colorado Springs in February. A suit argues that an influx of marijuana has taxed law enforcement in other states.,IMAGE,https://static01.nyt.com/images/2014/12/19/us/POT/POT-articleLarge.jpg?quality=75&auto=webp&disable=upscale,law enforcement,farmer,0,,
22FOX,FOX,"Clinton, advisers have lots to say on key trade legislation, except where candidate stands",New questions over Clinton campaign strategy on 'The Kelly File',VIDEO,https://a57.foxnews.com/a57.foxnews.com/media2.foxnews.com/2015/06/12/640/360/931/524/kelly_clinton_061215.jpg?ve=1&tl=1,Hillary Clinton,Hillary Clinton,1,,
22NYT,NYT,Hillary Clinton Urges Obama to Listen to Democrats on Trade Deal,Hillary Rodham Clinton on Sunday urged President Obama to make changes to the Trans-Pacific Partnership trade deal during a speech in Des Moines.,IMAGE,https://static01.nyt.com/images/2015/06/14/us/14hillary-firstdraft/14hillary-firstdraft-tmagArticle.jpg,"Hillary Clinton, Barack Obama",Hillary Clinton,0.5,,
23FOX,FOX,Senate intel panel subpoenas two Flynn businesses in Russia probe,Former national security adviser says he will not provide records to the Senate Intelligence Committee; chief intelligence correspondent Catherine Herridge reports from Washington,VIDEO,http://video.foxnews.com/v/5444182080001,"Michael Flynn, Catherine Herridge",Michael Flynn,0.5,,
23NYT,NYT,"House Intelligence Committee Will Subpoena Flynn, Schiff Says","Michael T. Flynn, President Trump’s former national security adviser, at Trump Tower in Manhattan in December.",IMAGE,https://static01.nyt.com/images/2017/05/25/us/25flynn/merlin-to-scoop-122159054-774128-articleLarge.jpg?quality=75&auto=webp&disable=upscale,"Michael Flynn, Donald Trump",Michael Flynn,0.5,,
24NYT,NYT,"Indicting Roger Stone, Mueller Shows Link Between Trump Campaign and WikiLeaks","Roger J. Stone Jr., a longtime Trump adviser, has been charged as part of the investigation by the special counsel, Robert S. Mueller III. He was arrested in a pre-dawn F.B.I. raid in Fort Lauderdale, Fla., and appeared in court on Friday.",VIDEO,https://static01.nyt.com/images/2019/01/26/us/politics/26dc-stone-print/26dc-stone1-videoSixteenByNine3000.jpg,"Roger Stone, Donald Trump, Robert Mueller","Roger Stone, Donald Trump, Robert Mueller",1,,
25FOX,FOX,"Congress rejects Obama veto of 9/11 bill, in first override of presidency",Insight from the Wall Street Journal's John Bussey and Fox News senior judicial analyst Judge Andrew Napolitano,VIDEO,https://a57.foxnews.com/media2.foxnews.com/BrightCove/694940094001/2016/09/28/931/524/694940094001_5145750545001_Legal--political-fallout-from-veto-override-of-911-bill.jpg?ve=1&tl=1,"John Bussey, Andrew Napolitano","John Bussey, Andrew Napolitano",1,,
25NYT,NYT,Senate Set to Override Veto on Bill Allowing 9/11 Suits Against Saudi Arabia,"Representative Nancy Pelosi of California, who plans to support a veto override effort, tried on Tuesday to play down any split between Democrats and Mr. Obama.",IMAGE,https://static01.nyt.com/images/2016/09/28/us/28fdnl-pelosi/28fdnl-pelosi-articleLarge.jpg?quality=75&auto=webp&disable=upscale,"Nancy Pelosi, Democrats, Barack Obama",Nancy Pelosi,0.33333,,
26FOX,FOX,"Trump warns shutdown could last 'years,' says he may declare 'national emergency' to build border wall",President Trump says discussions will continue about funding for border security after meeting with congressional leaders at the White House.,VIDEO,https://video.foxnews.com/v/5986069238001#sp=show-clips,"Donald Trump, congressional leaders",Donald Trump,0.5,,
27FOX,FOX,Trump gets into Twitter feud with former Mexican president,Strategy Room: Chuck Rocha and Marjorie Dannenfelser discuss Donald Trump's meeting with the President of Mexico today and how it might affect his speech tonight in Arizona,VIDEO,http://video.foxnews.com/v/5106561466001,"Chuck Rocha, Marjorie Dannenfelser, Donald Trump, Enrique Pena Nieto","Chuck Rocha, Marjorie Dannenfelser, Donald Trump",0.75,,
27NYT,NYT,"Vicente Fox, Ex-President of Mexico, Scoffs at Donald Trump’s Visit",Former President Vicente Fox met with international reporters at a Mexico City hotel in September 2014.,IMAGE,https://static01.nyt.com/images/2016/09/01/us/01fd-fox/01fd-fox-articleInline.jpg?quality=75&auto=webp&disable=upscale,"Vicente Fox, international reporters",Vicente Fox,0.5,,
28FOX,FOX,Joe Lieberman emerges as Trump's top choice for FBI director," ""Joe Lieberman a bipartisan pick for FBI director? Radio hosts Leslie Marshall and Chris Plante react""",VIDEO,http://video.foxnews.com/v/5438251787001,"Joe Lieberman, Leslie Marshall, Chris Plante","Joe Lieberman, Leslie Marshall, Chris Plante",1,,
28NYT,NYT,"Lieberman Is a Finalist for F.B.I. Director, Trump Says","Joseph I. Lieberman, the former Democratic senator and vice-presidential nominee, left the White House on Wednesday.",IMAGE,https://static01.nyt.com/images/2017/05/19/us/19fbi/19fbi-articleInline.jpg?quality=75&auto=webp&disable=upscale,Joe Lieberman,Joe Lieberman,1,,
29FOX,FOX,Trump: Roy Moore will 'step aside' if sexual misconduct allegations are true,"Griff Jenkins reports from Washington, D.C.",VIDEO,http://video.foxnews.com/v/5641670753001,Griff Jenkins,Griff Jenkins,1,,
29NYT,NYT,Alabama Republicans Defend Roy Moore: ‘It Was 40 Years Ago’,"Roy S. Moore, the Republican nominee for Senate in Alabama, was accused of making sexual advances toward teenage girls. A state official said that the women’s claims were “much ado about nothing” and that Mr. Moore had done nothing “immoral or illegal.”",IMAGE,https://static01.nyt.com/images/2017/11/11/us/11xp-moore/11xp-moore-articleLarge.jpg?quality=75&auto=webp&disable=upscale,"Roy Moore, state official",Roy Moore,0.5,,
30FOX,FOX,"IRS official who refused to testify facing more scrutiny over scandal, past",Doug McKelway reports,VIDEO,http://video.foxnews.com/v/2402711145001,Doug McKelway,"Lois Lerner, Doug McKelway",1,,
30NYT,NYT,I.R.S. Official Invokes 5th Amendment at Hearing,Lois Lerner of the Internal Revenue Service leaving a House hearing on Wednesday on the agency’s focus on conservative groups.,IMAGE,https://static01.nyt.com/images/2013/05/23/us/23irs/23irs-articleLarge.jpg?quality=75&auto=webp&disable=upscale,"Lois Lerner, Internal Revenue Service",Lois Lerner,0.5,,
31FOX,FOX,Glenn Beck Rips Progressivism at CPAC,"          Feb. 20: Glenn Beck delivers keynote address at CPAC.
          (AP)",IMAGE,https://a57.foxnews.com/a57.foxnews.com/static.foxnews.com/foxnews.com/content/uploads/2018/09/640/320/1862/1048/022010_matt_beck.jpg?ve=1&tl=1?ve=1&tl=1,Glenn Beck,Glenn Beck,1,,
31NYT,NYT,Beck Wows the CPAC Crowd,Glenn Beck speaking at the Conservative Political Action Conference on Saturday.,IMAGE,https://static01.nyt.com/images/2010/02/21/us/21cpac_beck01/21cpac_beck01-blogSpan.jpg,Glenn Beck,Glenn Beck,1,,
32FOX,FOX,"Cruz blames Trump for affair story, hints he wouldn't support him in general election","
          WASHINGTON, DC - MARCH 22:  Republican presidential candidate Sen. Ted Cruz (R-TX) arrives to address the bombings in Brussels during remarks March 22, 2016 in Washington, DC. Reports indicate at least 34 people have died and scores more injured in the bombings at the airport and Metro.  (Photo by Win McNamee/Getty Images)
          ",IMAGE,https://a57.foxnews.com/a57.foxnews.com/static.foxnews.com/foxnews.com/content/uploads/2018/09/640/320/1862/1048/Cruza-Utah-Win.jpg?ve=1&tl=1?ve=1&tl=1,Ted Cruz,Ted Cruz,1,,
32NYT,NYT,Arguments Get Personal Between Donald Trump and Ted Cruz,"Donald Trump and Melania Trump in the spin room after the Republican presidential debate at the University of Miami in Coral Gables, Fla., on March 10.",IMAGE,https://static01.nyt.com/images/2016/03/24/us/24firstdraftnl-lede/24firstdraftnl-lede-tmagArticle.jpg,"Donald Trump, Melania Trump","Donald Trump, Melania Trump",1,,
33FOX,FOX,Elizabeth Cheney blasted by older sister over gay-marriage stance,"          FILE - In this July 17, 2013, file photo Liz Cheney campaigns in Casper, Wyoming, after announcing the day before her GOP primary challenge to Wyoming's senior U.S. incumbent Sen. Mike Enzi. Liz, former Vice President Dick Cheney's eldest daughter has galvanized the state's political scene by seeking the seat of Sen. Mike Enzi, a Republican favored by his party's establishment. Family does matter in the runup to next fall's Senate elections: Candidates are wielding famous political pedigrees in a number of races that could determine whether Democrats maintain control in the 2014 elections. (AP Photo/Matt Young, File)
          (A2013)",IMAGE,https://a57.foxnews.com/a57.foxnews.com/static.foxnews.com/foxnews.com/content/uploads/2018/09/640/320/1862/1048/Senate-Family-Ties_Cala.jpg?ve=1&tl=1?ve=1&tl=1,"Liz Cheney, Mike Inzi, Dick Cheney",Liz Cheney,0.33333,,
33NYT,NYT,Mary Cheney Criticizes Her Sister on Same-Sex Marriage,Mary Cheney in 2009.,IMAGE,https://static01.nyt.com/images/2013/09/01/us/01cheney_blog/01cheney_blog-articleInline.jpg,Mary Cheney,Mary Cheney,1,,
34FOX,FOX,Texas Rep. Blake Farenthold resigns from Congress,"          Rep. Blake Farenthold arrives before Deputy U.S. Attorney General Rod Rosenstein testifies to the House Judiciary Committee hearing on oversight of the Justice Department on Capitol Hill in Washington, U.S., December 13, 2017.   REUTERS/Joshua Roberts - RC1CC7E0DBA0
          ",IMAGE,https://a57.foxnews.com/static.foxnews.com/foxnews.com/content/uploads/2018/09/1862/1048/Blake20Farenthold.jpg?ve=1&tl=1,"Blake Farenthold, Rod Rosenstein, House Judiciary Committee",Blake Farenthold,0.33333,,
34NYT,NYT,Texas Congressman Who Settled Harassment Case With Taxpayer Funds Resigns,"Representative Blake Farenthold, Republican of Texas, in December at the Capitol.",IMAGE,https://static01.nyt.com/images/2018/04/07/us/politics/07dc-farenthold/merlin_131243010_76c20161-ba7e-41ed-9eb8-e9bd5f196cb4-articleLarge.jpg?quality=75&auto=webp&disable=upscale,Blake Farenthold,Blake Farenthold,1,,
35FOX,FOX,Maine Gov. LePage opens door to early exit,"Maine governor on reducing state income tax rate, spending",VIDEO,http://video.foxnews.com/v/1064114247001,Paul LePage,Paul LePage,1,,
36FOX,FOX,Benghazi committee seeks 'transcribed' interview with Clinton over deleted records,Gowdy: Clinton wiped server clean on 'Hannity',VIDEO,http://video.foxnews.com/v/4143657170001,"Trey Gowdy, Hillary Clinton","Trey Gowdy, Hillary Clinton",1,,
36NYT,NYT,House Panel Seeks Private Talk With Hillary Clinton About Email,Hillary Rodham Clinton has been asked by a congressman to privately discuss email from her time as the secretary of state.,IMAGE,https://static01.nyt.com/images/2015/04/01/nyregion/01LEFT/01LEFT-articleLarge.jpg?quality=75&auto=webp&disable=upscale,"Hillary Clinton, Trey Gowdy",Hillary Clinton,0.5,,
37FOX,FOX,GOP Senators Keep Pressure on Steele Over 'Inaccurate' Afghanistan Comments,"          Republican National Committee Chairman Michael Steele answers questions before speaking to the San Francisco Chamber of Commerce in San Francisco June 24. (AP Photo)
          ",IMAGE,https://a57.foxnews.com/a57.foxnews.com/static.foxnews.com/foxnews.com/content/uploads/2018/09/640/320/1862/1048/steele_sf_062410.jpg?ve=1&tl=1?ve=1&tl=1,"Michael Steele, San Francisco Chamber of Commerce",Michael Steele,0.5,,
38FOX,FOX,Pelosi wins another term as House Democratic leader; Ryan’s dynamic challenge falls short,Minority leader fends off challenge from Rep. Tim Ryan,VIDEO,http://video.foxnews.com/v/5229675811001,"Nancy Pelosi, Tim Ryan","Nancy Pelosi, Tim Ryan",1,,
38NYT,NYT,Nancy Pelosi Beats Back House Democratic Leadership Challenge,"Nancy Pelosi, the House minority leader, was challenged for the position by Representative Tim Ryan of Ohio.",VIDEO,https://nyti.ms/2RcvTYT,"Nancy Pelosi, Tim Ryan",Nancy Pelosi,0.5,,
39FOX,FOX,Republicans prepare to go nuclear with Gorsuch vote as Dems seek new delay,Sen. John Thune reacts to criticism from colleagues,VIDEO,http://video.foxnews.com/v/5368302538001,John Thune,John Thune,1,,
39NYT,NYT,Democrats Plan to Filibuster to Thwart Gorsuch Nomination,Judge Neil M. Gorsuch at his Supreme Court confirmation hearing on Capitol Hill on Wednesday.,IMAGE,https://static01.nyt.com/images/2017/03/24/us/24FILIBUSTER-01/24FILIBUSTER-01-articleLarge.jpg?quality=75&auto=webp&disable=upscale,Neil Gorsuch,Neil Gorsuch,1,,
40FOX,FOX,"Sparks fly as Biden, Ryan face off in feisty vice presidential debate",VP Joe Biden or Rep. Paul Ryan?,VIDEO,http://video.foxnews.com/v/1895514857001,"Joe Biden, Paul Ryan","Joe Biden, Paul Ryan",1,,
41NYT,NYT,"Romney Reaffirms Opposition to Marriage, or Unions, for Gay Couples","Mitt Romney campaigning Wednesday in Fort Lupton, Colo. He has said he favors some rights for same-sex couples, but not rights tantamount to marriage.",IMAGE,https://static01.nyt.com/images/2012/05/10/us/10romney/10romney-articleLarge.jpg?quality=75&auto=webp&disable=upscale,Mitt Romney,Mitt Romney,1,,
42FOX,FOX,NAACP Resolution Calls on Tea Party to Repudiate 'Racist Elements' in Movement,"          The audience applauds after first lady Michelle Obama speaks at the annual NAACP convention July 12 in Kansas City, Mo. (AP Photo)
          ",IMAGE,https://a57.foxnews.com/a57.foxnews.com/static.foxnews.com/foxnews.com/content/uploads/2018/09/640/320/1862/1048/naacp_071210.jpg?ve=1&tl=1?ve=1&tl=1,"Michelle Obama, NAACP",audience,0,,
44FOX,FOX,Boehner: '1-in-3 chance' Republicans could lose House in November,Sneak peek at Bill Hemmer's interview,VIDEO,http://video.foxnews.com/v/1579586683001,Bill Hemmer,Bill Hemmer,1,,
45FOX,FOX,Suspect arrested in Florida in connection with suspicious packages sent to Democrats,"Attorney General Jeff Sessions and FBI Director Christopher Wray hold a news conference at the Justice Department on the arrest of Cesar Sayoc, who was identified using DNA and fingerprint evidence and stands charged with five crimes, including illegal mailing of explosives.",VIDEO,https://a57.foxnews.com/static.foxnews.com/foxnews.com/content/uploads/2018/09/340/340/barnini-chakraborty.png?ve=1&tl=1,"Jeff Sessions, Christopher Wray, Cesar Sayoc",,,,
45NYT,NYT,Pipe Bomb Suspect Arrested in Southern Florida,"A package addressed to James R. Clapper Jr., the former director of national intelligence, was meant to be delivered to the New York offices of CNN, but was intercepted at a mail facility in Midtown Manhattan on Friday, police officials said.",IMAGE,https://static01.nyt.com/images/2018/10/27/nyregion/27bombs21/27bombs21-articleLarge.jpg?quality=75&auto=webp&disable=upscale,"James R. Clapper Jr., police officials",,,,
46FOX,FOX,"Trump calls Flynn treatment 'unfair,' claims Clinton 'lied many times' with impunity",The president says Hillary Clinton lied 'many times' to the FBI and 'nothing happened to her.',VIDEO,https://a57.foxnews.com/static.foxnews.com/foxnews.com/content/uploads/2018/09/340/340/bergerpic2.jpg?ve=1&tl=1,"Donald Trump, Hillary Clinton, FBI",,,,
46NYT,NYT,"F.B.I. 'Destroyed' Flynn’s Life for Lying, Trump Says, but 'Nothing Happened' to Clinton","President Trump spoke on Monday about Michael T. Flynn, his former national security adviser who admitted lying to the F.B.I.",VIDEO,https://static01.nyt.com/images/2017/12/05/us/politics/05dc-trump1/05dc-trump1-videoSixteenByNine3000.jpg,"Donald Trump. Michael Flynn, FBI",,,,
47FOX,FOX,Trump says 'too many voices are being destroyed' by social media censorship,"A new Vice investigation has exposed apparent shadow bans on conservative accounts on Twitter, while Google-owned YouTube recently removed several videos purely for their political content. #Tucker",VIDEO,https://a57.foxnews.com/static.foxnews.com/foxnews.com/content/uploads/2018/09/340/340/i-8dn8554-xl.jpg?ve=1&tl=1,social media companies,,,,
47NYT,NYT,Trump Accuses Social Media Firms of Discrimination Against Conservatives,President Trump hinted that he might take action against social media companies that remove content from conservatives.,IMAGE,https://static01.nyt.com/images/2018/08/19/us/19dc-trump/merlin_142469394_ae1e671d-0e22-4331-8bd2-00b490a32271-articleLarge.jpg?quality=75&auto=webp&disable=upscale,"Donald Trump, social media companies",,,,
48FOX,FOX,N.C. Congressman Apologizes for Physical Confrontation With Man in Washington,An amateur video posted to YouTube shows Rep. Bob Etheridge grabbing the neck of an unidentified man who questioned him on a street in Washington (YouTube).,IMAGE,https://a57.foxnews.com/static.foxnews.com/foxnews.com/content/uploads/2018/09/918/516/061410_Etheridge1-1.jpg?ve=1&tl=1,Bob Etheridge,,,,
50FOX,FOX,"Santorum: 'Phony theology' comment was about energy policy, not Christian faith","          Feb. 18, 2012: Rick Santorum speaks at the Ohio Christian Alliance conference in Columbus.
          (AP)",IMAGE,https://a57.foxnews.com/a57.foxnews.com/static.foxnews.com/foxnews.com/content/uploads/2018/09/640/320/1862/1048/santorum_rick_021812.jpg?ve=1&tl=1?ve=1&tl=1,"Rick Santorum, Ohio Christian Alliance",,,,
51FOX,FOX,"Kathy Griffin apologizes for photo shoot with bloodied Trump mask, says she 'went too far'",(Courtesy of Tyler Shields),IMAGE,https://a57.foxnews.com/a57.foxnews.com/static.foxnews.com/foxnews.com/content/uploads/2018/09/640/320/1862/1048/Kathy-griffin-trump_TylerShields.jpg?ve=1&tl=1?ve=1&tl=1,Tyler Shields,,,,
51NYT,NYT,Trump Lashes Out at Kathy Griffin and Democrats,President Trump at an event at the White House on May 12.,IMAGE,https://static01.nyt.com/images/2017/05/31/us/01TRUMP/01TRUMP-articleInline.jpg?quality=75&auto=webp&disable=upscale,Donald Trump,,,,
52NYT,NYT,Mueller Statement Disputes Report That Trump Directed Cohen to Lie,"Michael D. Cohen, President Trump’s longtime lawyer and fixer, was sentenced last month to three years in prison.",IMAGE,https://static01.nyt.com/images/2019/01/19/us/19dc-cohen-print/19dc-cohen-articleLarge.jpg?quality=75&auto=webp&disable=upscale,"Michael Cohen, Donald Trump",,,,
53FOX,FOX,"Huckabee announces 2016 White House bid, with focus on economy and security | Fox News",Former Arkansas governor joins race for the White House,VIDEO,https://a57.foxnews.com/a57.foxnews.com/media2.foxnews.com/2015/05/05/640/360/931/524/050515_root_huck_640.jpg?ve=1&tl=1,Mike Huckabee,,,,
53NYT,NYT,Mike Huckabee on the Issues,Mike Huckabee at the National Rifle Association's annual meeting in Nashville last month.,IMAGE,https://static01.nyt.com/images/2015/05/06/us/politics/06ISSUES-HUCKABEE-web/06ISSUES-HUCKABEE-web-articleLarge.jpg?quality=75&auto=webp&disable=upscale,"Mike Huckabee, National Rifle Association",,,,
54FOX,FOX,Ryan facing Catholic prof complaints over budget comments ahead of Georgetown speech,"          April 15, 2010: Rep. Paul Ryan, R-Wis., chairman of the House Budget Committee, speaks on Capitol Hill.
          (AP)",IMAGE,https://a57.foxnews.com/a57.foxnews.com/static.foxnews.com/foxnews.com/content/uploads/2018/09/640/320/1862/1048/02a02fdb-012511_ryan.jpg?ve=1&tl=1?ve=1&tl=1,Paul Ryan,,,,
55FOX,FOX,Former Mexican President Fox to Trump: We won't pay for 'that f***ing wall!',"
          NEW YORK - OCTOBER 9:  Former Mexican President Vicente Fox speaks before signing copies of his memoir 'Revolution of Hope' in the Barnes &amp; Noble Union Square store October 9, 2007 in New York City. Fox openly writes in the book about major world personalities including U.S. President George W. Bush.  (Photo by Mario Tama/Getty Images) *** Local Caption *** Vicente Fox
          ",IMAGE,https://a57.foxnews.com/a57.foxnews.com/static.foxnews.com/foxnews.com/content/uploads/2018/09/640/320/1862/1048/Vicente-Fox-Trump.jpg?ve=1&tl=1?ve=1&tl=1,"Vicente Fox, George W. Bush",,,,
55NYT,NYT,"Vicente Fox and Felipe Calderón, 2 Ex-Presidents of Mexico, Say No Way Country Is Paying for Donald Trump's Wall","Vicente Fox, the former president of Mexico, in 2014.",IMAGE,https://static01.nyt.com/images/2016/02/26/us/25firstdraft-vicente/25firstdraft-vicente-tmagArticle.jpg,Vicente Fox,,,,
56FOX,FOX,Schumer bashed by the left over shutdown-ending deal,"Senate passes bill to end shutdown, House to vote soon; reaction and analysis on 'The Five.'",VIDEO,https://a57.foxnews.com/static.foxnews.com/foxnews.com/content/uploads/2018/09/340/340/joseph-weber.png?ve=1&tl=1,"Senate, House",,,,
56NYT,NYT,Senate Democrats’ Vote to End Shutdown Infuriates Some on the Left,"Recipients of the Deferred Action for Childhood Arrivals program and their supporters protested Monday in Anaheim, Calif.",IMAGE,https://static01.nyt.com/images/2018/01/23/us/politics/23dc-dems/merlin_132727436_bdae13f2-23a0-44af-a5f8-91a65f272091-articleLarge.jpg?quality=75&auto=webp&disable=upscale,recipients,,,,
57FOX,FOX,Ginsburg under fire from both sides over ‘highly inappropriate’ Trump comments,Bias Bash: Ellen Ratner on why the media should be holding Supreme Court Justice Ruth Bader Ginsburg to task for her recent comments on Donald Trump,VIDEO,https://a57.foxnews.com/media2.foxnews.com/BrightCove/694940094001/2016/07/12/931/524/694940094001_5032446103001_12132a0d-2824-4810-b432-8121c9f2dc10.jpg?ve=1&tl=1,"Ellen Ratner, Ruth Bader Ginsburg, Donald Trump",,,,
57NYT,NYT,Donald Trump Rebukes Ruth Bader Ginsburg for Deriding His Candidacy,Supreme Court Justice Ruth Bader Ginsburg in Washington in 2015.,IMAGE,https://static01.nyt.com/images/2016/07/13/us/13fd-ginsburg/13fd-ginsburg-articleLarge.jpg?quality=75&auto=webp&disable=upscale,Ruth Bader Ginsburg,,,,
58FOX,FOX,Trump’s immigration offer brings sharp reactions from Dems and GOP,President Trump outlines new border security proposal to break logjam over partial government shutdown,VIDEO,http://video.foxnews.com/v/5991477635001,Donald Trump,,,,
58NYT,NYT,Trump Offers Temporary Protections for ‘Dreamers’ in Exchange for Wall Funding,"In a White House address, President Trump announced a plan that would provide temporary protection from deportation for some immigrants in exchange for $5.7 billion in funding for a wall on the U.S.-Mexico border.",VIDEO,https://static01.nyt.com/images/2019/01/20/business/20TRUMP-sub1/20TRUMP-sub1-videoSixteenByNine3000-v2.jpg,"Donald Trump, immigrants",,,,
59FOX,FOX,"Obama, Boehner meet on fiscal crisis for first time in weeks","          Nov. 16, 2012: President Obama and House Speaker John Boehner meet at the White House.
          (AP)",IMAGE,https://a57.foxnews.com/a57.foxnews.com/static.foxnews.com/foxnews.com/content/uploads/2018/09/640/320/1862/1048/550e2625-obama_fiscalboehner_111612.jpg?ve=1&tl=1?ve=1&tl=1,"Barack Obama, John Boehner",,,,
60NYT,NYT,President Wants to Use Executive Order to End Birthright Citizenship,"President Trump at a political rally last week in Charlotte, N.C.",IMAGE,https://static01.nyt.com/images/2018/10/31/us/politics/31dc-citizen-sub/merlin_145897215_28f85483-34dd-4b81-b299-62748e52d044-articleLarge.jpg?quality=75&auto=webp&disable=upscale,Donald Trump,,,,
61FOX,FOX,Romney calls on Rep. Akin to drop Senate bid over 'rape' comments,"Steve Centanni reports from Washington, D.C.",VIDEO,https://a57.foxnews.com/video.foxnews.com/thumbnails/082112/640/360/931/524/082112_centanni_akin_640.jpg?ve=1&tl=1,Steve Centanni,,,,
62FOX,FOX,Obama administration defends 2nd mass surveillance project,Fox News confirms agency tapped into online records,VIDEO,https://a57.foxnews.com/a57.foxnews.com/media2.foxnews.com/thumbnails/i/060613/640/360/931/524/060613_fxr_heddridge_640.jpg?ve=1&tl=1,"Fox News, National Security Agency",,,,
62NYT,NYT,White House Plays Down Data Program,"From left, Assistant Attorney General Ronald Weich and Senators Ron Wyden, Mark Udall and Richard J. Durbin. Mr. Wyden and Mr. Udall have criticized techniques that Mr. Weich defends.",IMAGE,https://static01.nyt.com/images/2013/06/09/world/PRISM-WEICH/PRISM-WEICH-articleLarge.jpg?quality=75&auto=webp&disable=upscale,"Ronald Weich, Ron Wyden, Mark Udell, Richard Durbin",,,,
63FOX,FOX,Ocasio-Cortez defends Tlaib after impeachment remarks: ‘I got your back’,"      Rep. Alexandria Ocasio-Cortez took a stand for fellow House freshman  Rashida Tlaib on Saturday after the latter’s expletive-laced comments in favor of impeaching the president.
      ",IMAGE,//global.fncstatic.com/static/v/all/img/icon-print.gif,"Alexandria Ocasio-Cortez, Rashida Tlaib",,,,
63NYT,NYT,Rashida Tlaib's Expletive-Laden Cry to Impeach Trump Upends Democrats' Talking Points,"Representative Rashida Tlaib, Democrat of Michigan, made no apologies for the remarks she made hours after being sworn in on Thursday.",IMAGE,https://static01.nyt.com/images/2019/01/05/us/politics/05dc-impeach/05dc-impeach-articleLarge.jpg?quality=75&auto=webp&disable=upscale,Rashida Tlaib,,,,
64FOX,FOX,"Trump takes on Obama, Clinton over ‘radical Islam’ as candidates condemn terror",Which candidate has the clearest plan for our economy?,VIDEO,https://a57.foxnews.com/media2.foxnews.com/BrightCove/694940094001/2016/06/11/931/524/694940094001_4936161797001_879f3c36-c87f-4017-8c24-ac2f92b0f5e3.jpg?ve=1&tl=1,NONE,,,,
64NYT,NYT,"After Nightclub Massacre, Obama Expresses Outrage and a Familiar Lament",The president described the mass shooting at a Florida nightclub on Sunday as an “act of terror.”,VIDEO,https://static01.nyt.com/images/2016/06/13/us/13obama-hp/13obama-hp-videoSixteenByNine3000.jpg,Donald Trump,,,,
65FOX,FOX,Arkansas governor seeks changes in religious freedom bill,Brad Blakeman and Joe Lestingi on the growing debate over state legislation,VIDEO,https://a57.foxnews.com/a57.foxnews.com/media2.foxnews.com/2015/04/01/640/360/931/524/040115_strategyroom_freedom_640.jpg?ve=1&tl=1,"Brad Blakeman, Joe Lestingi",,,,
65NYT,NYT,Arkansas Governor’s Son Thrust Into Spotlight Over Religious Exception Bill,"Seth Hutchinson, a son of Gov. Asa Hutchinson of Arkansas, is a union organizer.",IMAGE,https://static01.nyt.com/images/2015/04/02/us/02SETHWEB/02SETHWEB-jumbo.jpg?quality=75&auto=webp&disable=upscale,"Seth Hutchison, Asa Hutchison",,,,
66FOX,FOX,IRS extends tax benefits to married gay couples,Full benefits will now be available to all couples,VIDEO,https://a57.foxnews.com/a57.foxnews.com/media2.foxnews.com/thumbnails/i/083013/640/360/931/524/083013_edge_IRSgaymarriage_640.jpg?ve=1&tl=1,all couples,,,,
66NYT,NYT,Gay Marriages Get Recognition From the I.R.S.,"In June, supporters of same-sex marriage in West Hollywood, Calif., celebrated the Supreme Court’s ruling striking down the Defense of Marriage Act.",IMAGE,https://static01.nyt.com/images/2013/08/30/us/JP-MARRIAGE-1/JP-MARRIAGE-1-articleLarge.jpg?quality=75&auto=webp&disable=upscale,"supporters of same-sex marriage, Supreme Court",,,,
67FOX,FOX,AARP Pushes Back on Claim About Social Security Concessions as Lawmakers Push Reform,"          Sen. Kay Bailey Hutchison visits Wharton, Texas, March 1, 2010.
          (AP)",IMAGE,https://a57.foxnews.com/a57.foxnews.com/static.foxnews.com/foxnews.com/content/uploads/2018/09/640/320/1862/1048/hutchison_030110.jpg?ve=1&tl=1?ve=1&tl=1,Kay Bailey Hutchison,,,,
68FOX,FOX,"Federal prosecutors plan to file charges against Rep. Grimm, attorney says","          Jan 2, 2013: Representative Michael Grimm (R-NY) talks to the media. (Reuters)
          ",IMAGE,https://a57.foxnews.com/a57.foxnews.com/static.foxnews.com/foxnews.com/content/uploads/2018/09/640/320/1862/1048/grimminternal15121.jpg?ve=1&tl=1?ve=1&tl=1,Michael Grimm,,,,
68NYT,NYT,"Indictment Expected for Grimm, Staten Island Congressman",Representative Michael G. Grimm,IMAGE,https://static01.nyt.com/images/2014/04/26/nyregion/26grimm/26grimm-articleLarge.jpg?quality=75&auto=webp&disable=upscale,Michael Grimm,,,,
69FOX,FOX,"Republicans challenge Clinton claims on budget cuts, Benghazi cable",All-Star panel weighs in,VIDEO,https://a57.foxnews.com/a57.foxnews.com/media2.foxnews.com/thumbnails/i/012313/640/360/931/524/012313_sr_panel_640.jpg?ve=1&tl=1,all-star panel,,,,
69NYT,NYT,"Facing Congress, Clinton Defends Her Actions Before and After Libya Attack",Secretary of State Hillary Rodham Clinton faced tough questions over the attack on an American mission.,IMAGE,https://static01.nyt.com/images/2013/01/24/us/Clinton/Clinton-articleLarge-v2.jpg?quality=75&auto=webp&disable=upscale,Hillary Clinton,,,,
70FOX,FOX,"President Trump takes office vowing to restore prosperity, ‘fight’ for country",President Trump delivers his inaugural address,VIDEO,https://a57.foxnews.com/static.foxnews.com/foxnews.com/content/uploads/2018/09/340/340/bergerpic2.jpg?ve=1&tl=1,Donald Trump,,,,
70NYT,NYT,"Donald Trump Is Sworn In as President, Capping His Swift Ascent","“From this day forward, it's going to be only America first, America first,” President Trump declared in a forceful 16-minute Inaugural Address.",VIDEO,https://static01.nyt.com/images/2017/01/21/us/21MEDIA-01p/21inauguration-trump-highlights-videoSixteenByNineJumbo1600-v2.jpg,Donald Trump,,,,
71FOX,FOX,"Chick-fil-A Appreciation Day brings out supporters, protesters",Former Arkansas Governor Mike Huckabee on turnout,VIDEO,https://a57.foxnews.com/static.foxnews.com/foxnews.com/content/uploads/2018/09/340/340/john-roberts.png?ve=1&tl=1,Mike Huckabee,,,,
72FOX,FOX,"Obama endorses Clinton for president, on heels of Sanders meeting",Calls her the most qualified candidate to run for the presidency,VIDEO,https://a57.foxnews.com/media2.foxnews.com/BrightCove/694940094001/2016/06/09/931/524/694940094001_4933202370001_c6817bf8-f5bc-4cde-bfb1-be39ddb1235d.jpg?ve=1&tl=1,"Barack Obama, Hillary Clinton",,,,
72NYT,NYT,Bernie Sanders Meets President Obama and Pledges to Work to Defeat Donald Trump,The Democratic presidential candidate Bernie Sanders announced that he will talk with Hillary Clinton soon about making sure Donald J. Trump does not become president.,VIDEO,https://static01.nyt.com/images/2016/06/10/us/10fdsanders-sub/10fdsanders-sub-videoSixteenByNineJumbo1600-v2.jpg,"Bernie Sanders, Hillary Clinton, Donald Trump",,,,
73NYT,NYT,Richard Blumenthal's Words on Vietnam Service Differ From History,Attorney General Richard Blumenthal of Connecticut is running for a seat in the Senate.,IMAGE,https://static01.nyt.com/images/2010/05/18/nyregion/18blumenthal_CA0/18blumenthal_CA0-articleLarge.jpg?quality=75&auto=webp&disable=upscale,Richard Blumenthal,,,,
74NYT,NYT,House Passes Democrats’ Centerpiece Anti-Corruption and Voting Rights Bill,Speaker Nancy Pelosi and House members spoke on the steps of the Capitol on Friday about the For the People Act.,IMAGE,https://static01.nyt.com/images/2019/03/08/us/politics/08dc-house/merlin_151784448_07692fab-639b-4164-acdc-295e1863b3a1-articleLarge.jpg?quality=75&auto=webp&disable=upscale,"Nancy Pelosi, House members",,,,
75FOX,FOX,"As Mueller findings released, 2020 Dems demand to see 'whole damn report'",Trump opponents are trying to keep the focus on the Russia investigation as the White House seeks to move on; Peter Doocy reports from Washington.,VIDEO,https://a57.foxnews.com/media2.foxnews.com/BrightCove/694940094001/2019/03/25/931/524/694940094001_6017716216001_6017715099001-vs.jpg?ve=1&tl=1,"Donald Trump, Peter Doocy",,,,
75NYT,NYT,2020 Candidates Demand Full and Immediate Release of Mueller Report,Senator Cory Booker was among the Democratic presidential candidates urging the swift public release for the Mueller report.,IMAGE,https://static01.nyt.com/images/2019/03/22/watching/22Candidates/22Candidates-articleLarge.jpg?quality=75&auto=webp&disable=upscale,"Cory Booker, Democrats presidential candidates",,,,
76FOX,FOX,"Senate Republicans Vow to Block Dem Legislation Until Tax Cuts, Budget Pass","          In this Nov. 16 photo, Republican Senate Leader Mitch McConnell, left, accompanied by Sen. Lamar Alexander, R-Tenn., center, and Sen. John Cornyn, R-Texas, speaks at a news conference on Capitol Hill. (AP Photo)
          ",IMAGE,https://a57.foxnews.com/a57.foxnews.com/static.foxnews.com/foxnews.com/content/uploads/2018/09/640/320/1862/1048/mconnell_mitch_111610.jpg?ve=1&tl=1?ve=1&tl=1,"Mitch McConnell, Lamar Alexander, John Cornyn",,,,
77FOX,FOX,"FBI fires Peter Strzok, months after anti-Trump texts revealed","Strzok's attorney says the FBI's decision is a 'departure from typical bureau practice'; reaction from Rep. Darrell Issa, Republican member of the House Judiciary Committee.",VIDEO,https://a57.foxnews.com/static.foxnews.com/foxnews.com/content/uploads/2018/09/340/340/bergerpic2.jpg?ve=1&tl=1,"Peter Strzok, Darrell Issa",,,,
77NYT,NYT,"F.B.I. Agent Peter Strzok, Who Criticized Trump in Texts, Is Fired","Peter Strzok, a top F.B.I. counterintelligence agent who was taken off the special counsel investigation after his disparaging texts about President Trump were uncovered, was fired.",IMAGE,https://static01.nyt.com/images/2018/08/14/us/politics/14dc-strzok-print/26dc-fbi-articleLarge.jpg?quality=75&auto=webp&disable=upscale,"Peter Strzok, Donald Trump",,,,
78FOX,FOX,Benghazi emails underscore State Department’s concern over failure to act on warnings,"Republicans, Democrats go head-to-head",VIDEO,https://a57.foxnews.com/a57.foxnews.com/media2.foxnews.com/thumbnails/i/051313/640/360/931/524/051313_fff_benghaziclintonlwt_640.jpg?ve=1&tl=1,"Republicans, Democrats",,,,
78NYT,NYT,E-Mails Show Jostling Over Benghazi ‘Talking Points’,"The diplomatic post in Benghazi, Libya, after the attack last year that killed four Americans.",IMAGE,https://static01.nyt.com/images/2013/05/16/us/16benghazi1/16benghazi1-articleLarge.jpg?quality=75&auto=webp&disable=upscale,NONE,,,,
79FOX,FOX,Shooting spurs calls for new lawmaker security measures,Virginia congressman says town halls may need tighter security,VIDEO,https://a57.foxnews.com/static.foxnews.com/foxnews.com/content/uploads/2018/10/340/340/img_2751-54438.jpg?ve=1&tl=1,David Brat,,,,
79NYT,NYT,"Shooting Brings Rare Comity to the Capital, but Will It Last?","The day after a shooting at a baseball practice left four injured, including Steve Scalise, the majority whip of the House of Representatives, the bipartisan congressional baseball game played on.",VIDEO,https://static01.nyt.com/images/2017/06/16/us/16dc-baseball2/16dc-baseball2-videoSixteenByNine3000-v2.jpg,Steve Scalise,,,,
80FOX,FOX,Supreme Court Questions Claims in Sex Bias Suit Against Wal-Mart,"          People line up outside the Supreme Court in Washington March 29 to attend a hearing on women employees against Wal-Mart.
          (AP)",IMAGE,https://a57.foxnews.com/a57.foxnews.com/static.foxnews.com/foxnews.com/content/uploads/2018/09/640/320/1862/1048/scotus_walmart_032911.jpg?ve=1&tl=1?ve=1&tl=1,"Walmart, plaintiffs, Supreme Court",,,,
80NYT,NYT,Justices Take Up Crucial Issue in Wal-Mart Suit,Demonstrators gathered in front of the Supreme Court in Washington to show their support for female workers suing Wal-Mart Stores for alleged workplace discrimination in March.,IMAGE,https://static01.nyt.com/images/2011/03/30/us/30walmart_cnd/30walmart_cnd-articleLarge.jpg?quality=75&auto=webp&disable=upscale,"demonstrators, Supreme Court, plaintiffs, Walmart",,,,
81FOX,FOX,Who is Dave Brat?,Brat reacts to 'political earthquake',VIDEO,https://a57.foxnews.com/a57.foxnews.com/media2.foxnews.com/thumbnails/i/061014/640/360/931/524/061014_hannity_interview_640.jpg?ve=1&tl=1,David Brat,,,,
81NYT,NYT,"Eric Cantor Defeated by David Brat, Tea Party Challenger, in G.O.P. Primary Upset","Eric Cantor, a Republican, gave a concession speech in Richmond, Va.",IMAGE,https://static01.nyt.com/images/2014/06/11/us/11CANTOR-hp2/11CANTOR-hp2-articleLarge-v3.jpg?quality=75&auto=webp&disable=upscale,Eric Cantor,,,,
82FOX,FOX,"Bloomberg says Trump a 'dangerous demagogue,' endorses Clinton at DNC",Former New York City mayor addresses the Democratic National Convention,VIDEO,https://a57.foxnews.com/media2.foxnews.com/BrightCove/694940094001/2016/07/27/931/524/694940094001_5056093017001_de60368e-7f0d-4125-8a1f-e73c62d39d37.jpg?ve=1&tl=1,"Michael Bloomberg, DNC",,,,
82NYT,NYT,"For Trump and Bloomberg, Cordial Ties Have Soured","Former Mayor Michael R. Bloomberg of New York and Donald J. Trump at the Trump National Golf Club, in the city’s northern suburbs, in 2007.",IMAGE,https://static01.nyt.com/images/2016/07/29/nyregion/29BLOOMBERG2/29BLOOMBERG2-articleLarge.jpg?quality=75&auto=webp&disable=upscale,"Michael Bloomberg, Donald Trump",,,,
83FOX,FOX,GOP Smackdown: Rep. Labrador Enters The Race For House Majority Leadership,"
          WASHINGTON, DC - FEBRUARY 10:  Rep. Raul Labrador (R-ID), speaks at the Conservative Political Action conference (CPAC), on February 10, 2011 in Washington, DC. The CPAC annual gathering is a project of the American Conservative Union.  (Photo by Mark Wilson/Getty Images) *** Local Caption *** Raul Labrador
          ",IMAGE,https://a57.foxnews.com/a57.foxnews.com/static.foxnews.com/foxnews.com/content/uploads/2018/09/640/320/1862/1048/6e8f63e7-labardor-cropped.jpg?ve=1&tl=1?ve=1&tl=1,"Raul Labrador, American Conservative Union",,,,
83NYT,NYT,"Idaho Republican, Appealing to Right, Enters Race to Replace Cantor","Representative Raúl R. Labrador, a Republican of Idaho, has jumped into the race for House majority leader.",IMAGE,https://static01.nyt.com/images/2014/06/14/us/REPUBS1/REPUBS1-articleLarge.jpg?quality=75&auto=webp&disable=upscale,Raul Labrador,,,,
84FOX,FOX,"Trump Sends Investigators to Hawaii, Gains in GOP Presidential Primary Poll","          If Donald Trump became president, Melania Trump would become the first foreign-born first lady since Louisa Adams, wife of John Quincy Adams, the sixth U.S. president who served from 1825-1829.
          (AP)",IMAGE,https://a57.foxnews.com/a57.foxnews.com/static.foxnews.com/foxnews.com/content/uploads/2018/09/640/320/1862/1048/trump_donald_melania.jpg?ve=1&tl=1?ve=1&tl=1,"Donald Trump, Melania Trump, Louisa Adams, John Quincy Adams",,,,
85FOX,FOX,Jackson pleads guilty over illegal campaign spending spree,"          Feb. 20, 2013: Former Illinois Rep. Jesse Jackson Jr. arrives at the E. Barrett Prettyman Federal Courthouse in Washington.
          (AP)",IMAGE,https://a57.foxnews.com/a57.foxnews.com/static.foxnews.com/foxnews.com/content/uploads/2018/09/640/320/1862/1048/jackson_court_022013.jpg?ve=1&tl=1?ve=1&tl=1,Jesse Jackson,,,,
85NYT,NYT,Jesse Jackson Jr. Pleads Guilty in Campaign Money Case,Jesse L. Jackson Jr. entering court in Washington on Wednesday morning.,IMAGE,https://static01.nyt.com/images/2013/02/21/us/21jackson_3/21jackson_3-articleLarge.jpg?quality=75&auto=webp&disable=upscale,Jesse Jackson,,,,
86FOX,FOX,Defense Secretary James Mattis to leave as of January 1; Trump taps Patrick Shanahan as acting secretary of defense,Former Trump campaign manager Corey Lewandowski and former deputy assistant secretary of state in the Obama administration Joel Rubin debate.,VIDEO,https://a57.foxnews.com/static.foxnews.com/foxnews.com/content/uploads/2018/09/340/340/greggre.jpg?ve=1&tl=1,"Corey Lewandowski, Joel Rubin",,,,
86NYT,NYT,"Jim Mattis, Defense Secretary, Resigns in Rebuke of Trump’s Worldview","Jim Mattis, the secretary of defense, found himself at odds with President Trump on several issues, including NATO policy and a military parade.",IMAGE,https://static01.nyt.com/images/2018/12/21/us/politics/21dc-mattis-promo/21dc-mattis-promo-articleLarge-v3.jpg?quality=75&auto=webp&disable=upscale,"James Mattis, Donald Trump",,,,
88FOX,FOX,Prominent Republicans call for Ariz. Gov. Jan Brewer to veto bill allowing denial of service to gays,"
          Jan. 13, 2014: Arizona Gov. Jan Brewer speaks during her State of the State address at the Arizona Capitol in Phoenix.
          ",IMAGE,https://a57.foxnews.com/a57.foxnews.com/static.foxnews.com/foxnews.com/content/uploads/2018/09/640/320/1862/1048/e10b2d37e6a9da074c0f6a70670018ba.jpg?ve=1&tl=1?ve=1&tl=1,Jan Brewer,,,,
89FOX,FOX,"Washington gov, Seattle mayor ban official travel to Indiana in wake of 'religious freedom' law",Gov. Mike Pence defends the law saying it's designed to protect people from being forced to do something that goes against their beliefs,VIDEO,https://a57.foxnews.com/a57.foxnews.com/media2.foxnews.com/2015/03/30/640/360/931/524/033015_an_indiana_640.jpg?ve=1&tl=1,"Mike Pence, Religious Freedom Restoration Act",,,,
90FOX,FOX,Susan Rice calls Netanyahu's Capitol Hill speech 'destructive' to US-Israel relations,Obama administration downplays global terrorism,VIDEO,https://a57.foxnews.com/a57.foxnews.com/media2.foxnews.com/2015/02/06/640/360/931/524/020615_tf_rice.jpg?ve=1&tl=1,Obama administration,,,,
90NYT,NYT,Obama Aide Calls Netanyahu’s Planned Visit ‘Destructive’ to U.S.-Israel Ties,"Susan E. Rice, President Obama’s national security adviser, said that Prime Minister Benjamin Netanyahu’s planned speech to Congress posed a problem for the Israeli-American relationship.",VIDEO,https://static01.nyt.com/images/2015/02/25/multimedia/susan-rice-destructive/susan-rice-destructive-videoSixteenByNine1050.jpg,"Susan Rice, Barack Obama, Benjamin Netanyahu",,,,
91FOX,FOX,"Obama urges new restrictions on assault weapons, magazines as part of gun control plan",Announces plans to use 23 executive actions,VIDEO,https://a57.foxnews.com/a57.foxnews.com/media2.foxnews.com/thumbnails/i/011613/640/360/931/524/obama_guns_011613.jpg?ve=1&tl=1,Barack Obama,,,,
91NYT,NYT,Obama Poised to Back Comprehensive Plan to Curb Gun Violence,"Vice President Joseph R. Biden Jr., who is leading a task force to address gun violence, at a White House meeting last week with members of victims’ groups and gun safety organizations.",IMAGE,https://static01.nyt.com/images/2013/01/15/us/GUNS/GUNS-articleLarge.jpg?quality=75&auto=webp&disable=upscale,"Joe Biden, members of victims' groups",,,,
92NYT,NYT,William Cowan Named Interim Senator in Massachusetts,"From left, Gov. Deval Patrick, William Cowan, Massachusetts' interim senator, and Lt. Gov. Timothy Murray at a news conference on Wednesday.",IMAGE,https://static01.nyt.com/images/2013/01/31/us/jp-MASSACHUSETTS/jp-MASSACHUSETTS-articleLarge.jpg?quality=75&auto=webp&disable=upscale,"Deval Patrick, William Cowan, Timothy Murray",,,,
93FOX,FOX,"Clinton camp releases candidate's clean bill of health, tax returns",Ongoing email controversy a distraction for Democratic presidential hopeful's campaign,VIDEO,https://a57.foxnews.com/a57.foxnews.com/media2.foxnews.com/2015/07/31/640/360/931/524/073115_hn_trail.jpg?ve=1&tl=1,Hillary Clinton,,,,
93NYT,NYT,Clintons Report Earnings of $139 Million in Seven Years,"Hillary Rodham Clinton at a campaign stop in Hopkinton, N.H., on Tuesday.",IMAGE,https://static01.nyt.com/images/2015/07/31/us/31firstdraft-clintontax/31firstdraft-clintontax-tmagArticle.jpg,Hillary Clinton,,,,
94NYT,NYT,Weiner Denies Sending Photo but Is Less Sure About Its Origin,Representative Anthony D. Weiner sat for interviews on Wednesday.,IMAGE,https://static01.nyt.com/images/2011/06/02/nyregion/weiner/weiner-jumbo.jpg?quality=75&auto=webp&disable=upscale,Anthony Weiner,,,,
95FOX,FOX,Hillary Clinton's use of private email address while secretary of state draws scrutiny,Hillary Clinton's use of her private email exclusively while secretary of state just the latest question to dog her potential 2016 White House run,VIDEO,https://a57.foxnews.com/a57.foxnews.com/media2.foxnews.com/2015/03/03/640/360/931/524/030315_otr_email.jpg?ve=1&tl=1,Hillary Clinton,,,,
95NYT,NYT,Hillary Clinton Asks State Department to Vet Emails for Release,"Hillary Rodham Clinton, then secretary of state, after addressing the United Nations Security Council in 2012.",IMAGE,https://static01.nyt.com/images/2015/03/06/us/06EMAILS/06EMAILS-articleLarge.jpg?quality=75&auto=webp&disable=upscale,"Hillary Clinton, United Nations Security Council",,,,
96NYT,NYT,Trump Accuses Former Clinton Aide of Failing to Follow Security Protocols,"Hillary Clinton and her longtime aide Huma Abedin on the campaign plane in October 2016 in White Plains, N.Y., during her bid for the presidency.",IMAGE,https://static01.nyt.com/images/2018/01/03/us/03dc-clinton1/03dc-clinton1-articleLarge.jpg?quality=75&auto=webp&disable=upscale,"Hillary Clinton, Huma Abedin",,,,
97FOX,FOX,"Federal prosecutors subpoena Christie's campaign, NJ GOP committee","          Aug 15, 2013: New Jersey Gov. Chris Christie speaks to fellow Republicans during the Republican National Committee summer meeting in Boston.
          ",IMAGE,https://a57.foxnews.com/a57.foxnews.com/static.foxnews.com/foxnews.com/content/uploads/2018/09/640/320/1862/1048/Christie_081613.jpg?ve=1&tl=1?ve=1&tl=1,"Chris Christie, Republicans",,,,
98FOX,FOX,Third-Highest Ranking Republican In U.S. House Calls For Legalizing Undocumented Immigrants,"
          FILE: UNDATED: House Majority Leader Kevin McCarthy, center, talks on Capitol Hill about the debt ceiling, Washington, D.C.
          ",IMAGE,https://a57.foxnews.com/a57.foxnews.com/static.foxnews.com/foxnews.com/content/uploads/2018/09/640/320/1862/1048/mccarthy_kevin_071911-1.jpg?ve=1&tl=1?ve=1&tl=1,Kevin McCarthy,,,,
99FOX,FOX,"Rep. Duncan Hunter, wife indicted on corruption charges in California",Five-term Republican congressman from California Duncan Hunter and his wife Margaret are accused of using campaign funds for personal expenses; William La Jeunesse reports from Los Angeles.,VIDEO,https://a57.foxnews.com/static.foxnews.com/foxnews.com/content/uploads/2020/01/340/340/9e278b6e-headshot2.jpg?ve=1&tl=1,"Duncan Hunter, Margaret Hunter, William La Jeunesse",,,,
99NYT,NYT,"Representative Duncan Hunter Is Indicted, Accused of Misusing Campaign Funds","Representative Duncan Hunter, Republican of California, and his wife are accused of spending tens of thousands of dollars of campaign funds on personal expenses like family trips and private school tuition.",IMAGE,https://static01.nyt.com/images/2018/08/22/us/22hunter-print/22hunter-print-articleLarge-v2.jpg?quality=75&auto=webp&disable=upscale,"Duncan Hunter, Margaret Hunter",,,,