Website,Headline,URL,Media Type,Media Link,Alt Text,Caption Text
FOX,"Ryan goes on offense over Medicare, accuses Obama of treating program like 'piggy bank'",http://www.foxnews.com/politics/2012/08/14/ryan-defends-gop-record-on-medicare-says-party-has-plan-to-save-program/,VIDEO,https://a57.foxnews.com/video.foxnews.com/thumbnails/081412/640/360/931/524/081412_sr_ryanfull_640.jpg?ve=1&tl=1,,Exclusive: Republican vice presidential candidate sits down with Brit Hume for first solo interview since VP announcement
NYT,Battle Over Medicare Savings Intensifies Between Obama and Paul Ryan,http://www.nytimes.com/2012/08/15/health/policy/battle-over-medicare-savings-intensifies-between-obama-and-paul-ryan.html,IMAGE,https://static01.nyt.com/images/2012/08/15/us/15medicare/15medicare-articleLarge.jpg?quality=75&auto=webp&disable=upscale,,"Representative Paul D. Ryan, at a campaign stop Tuesday in Colorado, says Medicare is “a debate we want to have.”"
FOX,Purpose Behind Congressional Reading of Constitution Questioned After Amendments Are Omitted,http://www.foxnews.com/politics/purpose-behind-congressional-reading-of-constitution-questioned-after-amendments-are-omitted,IMAGE,//static.foxnews.com/foxnews.com/content/uploads/2019/08/elections-og-candidate-tracker-3.png,,
NYT,House Reading of Constitution Is Not Without Issues,https://thecaucus.blogs.nytimes.com/2011/01/06/house-reading-of-the-constitution-is-not-without-issues/,NONE,NONE,NONE,NONE
FOX,Trump announces deal to end partial government shutdown,https://www.foxnews.com/politics/trump-to-make-announcement-on-partial-government-shutdown-from-rose-garden,VIDEO,https://a57.foxnews.com/static.foxnews.com/foxnews.com/content/uploads/2018/10/340/340/img_2751-54438.jpg?ve=1&tl=1,,
NYT,Trump Signs Bill Reopening Government for 3 Weeks in Surprise Retreat From Wall,https://www.nytimes.com/2019/01/25/us/politics/trump-shutdown-deal.html,VIDEO,https://static01.nyt.com/images/2019/01/26/us/politics/26dc-trump-shutdown/26dc-trump-shutdown-videoSixteenByNine3000.jpg,,President Trump said he would end the partial government shutdown for three weeks while negotiations over the border wall continue. He also indicated that he was open to declaring a national emergency or shutting down the government again if Republicans and Democrats cannot reach an agreement on wall money by the February deadline.
FOX,NRA urges states to allow more armed officers in schools,http://www.foxnews.com/politics/2013/04/02/nra-urges-states-to-allow-more-armed-officers-in-schools/,IMAGE,https://a57.foxnews.com/a57.foxnews.com/static.foxnews.com/foxnews.com/content/uploads/2018/09/640/320/1862/1048/013aa046-nra_lapierre_122112.jpg?ve=1&tl=1?ve=1&tl=1,"FILE: Dec. 21, 2012: National Rifle Association CEO Wayne LaPierre pauses as he makes a statement during a news conference in Washington.","          FILE: Dec. 21, 2012: National Rifle Association CEO Wayne LaPierre pauses as he makes a statement during a news conference in Washington.
          (AP)"
NYT,N.R.A. Details Plan for Armed School Guards,http://www.nytimes.com/2013/04/03/us/nra-details-plan-for-armed-school-guards.html,VIDEO,https://static01.nyt.com/images/2013/04/02/us/video-tc-130402-schoolguards/video-tc-130402-schoolguards-videoSmall.jpg,,The Times’s Sheryl Gay Stolberg discusses a new proposal commissioned by the National Rifle Association to place trained guards in American schools.
FOX,Trump holds off reversing ban on elephant trophy imports,http://www.foxnews.com/politics/2017/11/17/trump-holds-off-reversing-ban-on-elephant-trophy-imports.html,VIDEO,https://a57.foxnews.com/media2.foxnews.com/BrightCove/694940094001/2017/11/19/931/524/694940094001_5651877902001_5651868712001-vs.jpg?ve=1&tl=1,,President tweets that the decision is on hold until conservation facts are reviewed.
NYT,"For Now, Trump to Keep Ban on Importing Elephant Trophies",https://www.nytimes.com/2017/11/17/us/politics/trump-elephant-trophy-ban.html,IMAGE,https://static01.nyt.com/images/2017/11/18/business/18dc-elephant1-sub/18dc-elephant1-sub-articleLarge.jpg?quality=75&auto=webp&disable=upscale,,"An elephant in Zimbabwe in 2012. “Put big game trophy decision on hold until such time as I review all conservation facts,” President Trump tweeted on Friday night."
FOX,Holder says he understands mistrust of police as Ferguson protests dwindle,http://www.foxnews.com/politics/2014/08/21/holder-says-understands-mistrust-police-as-ferguson-protests-dwindle/,VIDEO,https://a57.foxnews.com/a57.foxnews.com/media2.foxnews.com/thumbnails/i/082114/640/360/931/524/082114_housley_ferguson_640.jpg?ve=1&tl=1,,Adam Housley reports from Missouri
NYT,"As Tension Eases on Ferguson's Streets, Focus Turns to Investigation",https://www.nytimes.com/2014/08/21/us/ferguson-missouri-protests.html,VIDEO,https://static01.nyt.com/images/2014/08/20/us/20missouri-slide-9V2O/20missouri-slide-9V2O-videoLarge-v2.jpg,,"Confrontations between protesters and law enforcement continued overnight on Tuesday in Ferguson, Mo."
FOX,NJ Gov Chris Christie to Throw His Hat in the Ring for White House Run,http://www.foxnews.com/us/2015/06/30/nj-gov-chris-christie-to-throw-his-hat-in-ring-for-white-house-run.html,IMAGE,https://a57.foxnews.com/a57.foxnews.com/static.foxnews.com/foxnews.com/content/uploads/2018/09/640/320/1862/1048/ChristieBlog.jpg?ve=1&tl=1?ve=1&tl=1,"New Jersey Gov. Chris Christie signs the state's 2016 budget, Friday, June 26, 2015, in Trenton, N.J. Christie vetoed more than $1.6 billion from the 2016 budget approved by the Democratic-controlled Legislature and signed a roughly $34 billion budget into law. (AP Photo/Julio Cortez)","New Jersey Gov. Chris Christie signs the state's 2016 budget, Friday, June 26, 2015, in Trenton, N.J. Christie vetoed more than $1.6 billion from the 2016 budget approved by the Democratic-controlled Legislature and signed a roughly $34 billion budget into law. (AP Photo/Julio Cortez)"
NYT,"Chris Christie Announces Run, Pledging ‘Truth’ About Nation’s Woes",https://www.nytimes.com/2015/07/01/us/politics/chris-christie-presidential-campaign.html,VIDEO,https://static01.nyt.com/images/2015/07/01/us/01announce1/01announce1-videoSixteenByNine1050-v2.jpg,,"Gov. Chris Christie of New Jersey told supporters on Tuesday in Livingston, N.J., that he was joining the 2016 presidential race."
FOX,Arizona Sheriff Joe Arpaio Endorses Rick Perry,https://www.foxnews.com/politics/arizona-sheriff-joe-arpaio-endorses-rick-perry,IMAGE,https://a57.foxnews.com/static.foxnews.com/foxnews.com/content/uploads/2018/09/1862/1048/c5f2b2a9-ARPAIO-BIG-TOP.jpg?ve=1&tl=1,"PHOENIX, AZ - APRIL 17:   Inmates walk as they are moved after being ordered by Maricopa County Sheriff Officer Joe Arpaio (R), looking on, to be placed into new housing to open up new beds for maximum security inmates on April 17, 2009 in Phoenix, Arizona. Arpaio has been facing criticism from Hispanic activists and lawmakers, alleging that Arpaio's crackdown methods on illegal immigrants involve racial profiling. (Photo by Joshua Lott/Getty Images) *** Local Caption *** Joe Arpaio","PHOENIX, AZ - APRIL 17:   Inmates walk as they are moved after being ordered by Maricopa County Sheriff Officer Joe Arpaio (R), looking on, to be placed into new housing to open up new beds for maximum security inmates on April 17, 2009 in Phoenix, Arizona. Arpaio has been facing criticism from Hispanic activists and lawmakers, alleging that Arpaio's crackdown methods on illegal immigrants involve racial profiling. (Photo by Joshua Lott/Getty Images) *** Local Caption *** Joe Arpaio"
NYT,Perry Wins Endorsement of Sheriff Joe ,http://thecaucus.blogs.nytimes.com/2011/11/29/rick-perry-wins-the-endorsement-of-sheriff-joe-arpaio/,IMAGE,https://static01.nyt.com/images/2011/11/29/us/politics/29perry/29perry-blog480.jpg,"Texas Gov. Rick Perry on Tuesday received the endorsement of Sheriff Joe Arpaio of Maricopa County, Ariz., who is well known for his campaign against illegal immigration.","Texas Gov. Rick Perry on Tuesday received the endorsement of Sheriff Joe Arpaio of Maricopa County, Ariz., who is well known for his campaign against illegal immigration."
FOX,RNC Chairman Steele to Announce Intentions on a Second Term,http://www.foxnews.com/politics/2010/12/12/rnc-chairman-michael-steele-expected-resign.html,IMAGE,https://a57.foxnews.com/a57.foxnews.com/static.foxnews.com/foxnews.com/content/uploads/2018/09/640/320/1862/1048/9e5823f9-steele.jpg?ve=1&tl=1?ve=1&tl=1,RNC Chairman Michael Steele,"          RNC Chairman Michael Steele
          (AP)"
NYT,Steele to Announce Decision on R.N.C. Run,http://thecaucus.blogs.nytimes.com/2010/12/12/steele-to-announce-decision-on-r-n-c-run/,NONE,NONE,NONE,NONE
FOX,Netanyahu appears in conservative political ad airing in Florida,http://www.foxnews.com/politics/2012/09/20/netanyahu-star-new-election-ad-airing-in-florida,IMAGE,https://a57.foxnews.com/static.foxnews.com/foxnews.com/content/uploads/2018/09/340/340/cristinacorbinfox.jpg?ve=1&tl=1,Cristina Corbin,
NYT,Netanyahu Appears in Conservative Group's Ad ,http://thecaucus.blogs.nytimes.com/2012/09/20/netanyahu-appears-in-conservative-groups-ad/,VIDEO,https://www.youtube.com/watch?v=rJdH-PgmeK8,NONE,NONE
FOX,White House Asked Bill Clinton to Urge Sestak to Drop Out of Senate Race,http://www.foxnews.com/politics/2010/05/28/white-house-asked-clinton-urge-sestak-drop-senate-race.html,IMAGE,https://a57.foxnews.com/a57.foxnews.com/static.foxnews.com/foxnews.com/content/uploads/2018/09/640/320/1862/1048/clinton_sestak.jpg?ve=1&tl=1?ve=1&tl=1,"Former President Bill Clinton denies a White House account that he urged Rep. Joe Sestak to drop out of a Senate primary. (AP)",          "Former President Bill Clinton denies a White House account that he urged Rep. Joe Sestak to drop out of a Senate primary. (AP)"
NYT,White House Used Bill Clinton to Ask Sestak to Drop Out of Race,https://thecaucus.blogs.nytimes.com/2010/05/28/white-house-used-bill-clinton-to-ask-sestak-to-drop-out-of-race/,IMAGE,https://static01.nyt.com/images/2010/05/29/us/29sestak-cnd/29sestak-cnd-blogSpan.jpg,"President Bill Clinton with Joe Sestak, and his wife, Susan, in 2006 when Mr. Sestak was running for the House of Representatives.","President Bill Clinton with Joe Sestak, and his wife, Susan, in 2006, when Mr. Sestak was running for the House of Representatives."
FOX,"Trump Bows Out as Moderator of GOP Debate, Reserves Right to Run for President",http://www.foxnews.com/politics/2011/12/13/trump-bows-out-as-moderator-gop-debate-reserves-right-to-run-for-president/,IMAGE,https://a57.foxnews.com/a57.foxnews.com/static.foxnews.com/foxnews.com/content/uploads/2018/09/640/320/1862/1048/trump_ny_120511.jpg?ve=1&tl=1?ve=1&tl=1,"Dec. 5, 2011: Donald Trump speaks in New York.","          Dec. 5, 2011: Donald Trump speaks in New York.
          (AP)"
NYT,Trump Won't Go Forward With Debate,http://thecaucus.blogs.nytimes.com/2011/12/13/trump-wont-go-forward-with-debate/,NONE,NONE,NONE,NONE
FOX,Dem running for Senate in Iowa mocks Grassley as farmer 'who never went to law school',http://www.foxnews.com/politics/2014/03/25/rep-braley-mocks-sen-grassley-as-just-iowa-farmer-who-never-went-to-law-school/,IMAGE,https://a57.foxnews.com/a57.foxnews.com/static.foxnews.com/foxnews.com/content/uploads/2018/09/640/320/1862/1048/braleygrassley.jpg?ve=1&tl=1?ve=1&tl=1,"Rep. Bruce Braley, left, and Sen. Chuck Grassley.","          Rep. Bruce Braley, left, and Sen. Chuck Grassley.
          (AP/reuters)"
NYT,Representative Apologizes for Criticizing Iowa Senator,https://www.nytimes.com/2014/03/26/us/politics/representative-apologizes-for-criticizing-iowa-senator.html,VIDEO,https://www.youtube.com/embed/QH51LNpqZ94,,America Rising posted video of Representative Bruce Braley talking about Senator Charles E. Grassley.
FOX,Colorado's top cop defends pot law after challenges from neighboring states ,http://www.foxnews.com/politics/2014/12/19/colorado-top-cop-defends-pot-law-after-challenges-from-neighboring-states.html,IMAGE,https://a57.foxnews.com/a57.foxnews.com/static.foxnews.com/foxnews.com/content/uploads/2018/09/640/320/1862/1048/a47d8124-Colorado-Pot-Challenge.jpg?ve=1&tl=1?ve=1&tl=1,"ASPEN, CO - APRIL 18:  An array of marijuana samples are seen on a table at the Cannabis Crown 2010 expo in Aspen, Colorado. Colorado, one of 14 states to allow use of medical marijuana, has experienced an explosion in marijuana dispensaries, trade shows and related businesses in the last year as marijuana use becomes more mainstream.  (Photo by Chris Hondros/Getty Images)","          ASPEN, CO - APRIL 18:  An array of marijuana samples are seen on a table at the Cannabis Crown 2010 expo in Aspen, Colorado. Colorado, one of 14 states to allow use of medical marijuana, has experienced an explosion in marijuana dispensaries, trade shows and related businesses in the last year as marijuana use becomes more mainstream.  (Photo by Chris Hondros/Getty Images)
          (2010 Getty Images)"
NYT,Nebraska and Oklahoma Sue Colorado Over Marijuana Law,https://www.nytimes.com/2014/12/19/us/politics/nebraska-and-oklahoma-sue-colorado-over-marijuana-law.html,IMAGE,https://static01.nyt.com/images/2014/12/19/us/POT/POT-articleLarge.jpg?quality=75&auto=webp&disable=upscale,,Cultivating marijuana near Colorado Springs in February. A suit argues that an influx of marijuana has taxed law enforcement in other states.
FOX,"Clinton, advisers have lots to say on key trade legislation, except where candidate stands",http://www.foxnews.com/politics/2015/06/14/clinton-stays-mum-on-critical-trade-agreement-adviser-says-waiting-for-final.html,VIDEO,https://a57.foxnews.com/a57.foxnews.com/media2.foxnews.com/2015/06/12/640/360/931/524/kelly_clinton_061215.jpg?ve=1&tl=1,,New questions over Clinton campaign strategy on 'The Kelly File'
NYT,Hillary Clinton Urges Obama to Listen to Democrats on Trade Deal,https://www.nytimes.com/politics/first-draft/2015/06/14/hillary-clinton-urges-obama-to-listen-to-democrats-on-trade-deal/,IMAGE,https://static01.nyt.com/images/2015/06/14/us/14hillary-firstdraft/14hillary-firstdraft-tmagArticle.jpg,"Hillary Rodham Clinton on Sunday urged President Obama to make changes to the Trans-Pacific Partnership trade deal during a speech in Des Moines.",Hillary Rodham Clinton on Sunday urged President Obama to make changes to the Trans-Pacific Partnership trade deal during a speech in Des Moines.
FOX,Senate intel panel subpoenas two Flynn businesses in Russia probe,http://www.foxnews.com/politics/2017/05/23/senate-intel-panel-subpoenas-two-flynn-businesses-in-russia-probe.html,VIDEO,https://a57.foxnews.com/media2.foxnews.com/BrightCove/694940094001/2017/05/22/931/524/694940094001_5444196513001_5444182080001-vs.jpg?ve=1&tl=1,,Former national security adviser says he will not provide records to the Senate Intelligence Committee; chief intelligence correspondent Catherine Herridge reports from Washington
NYT,"House Intelligence Committee Will Subpoena Flynn, Schiff Says",https://mobile.nytimes.com/2017/05/24/us/politics/flynn-subpoena-house-intelligence-committee.html,IMAGE,https://static01.nyt.com/images/2017/05/25/us/25flynn/merlin-to-scoop-122159054-774128-articleLarge.jpg?quality=75&auto=webp&disable=upscale,,"Michael T. Flynn, President Trump’s former national security adviser, at Trump Tower in Manhattan in December."
FOX,FBI's show of force in Roger Stone arrest spurs criticism of Mueller tactics,https://www.foxnews.com/politics/roger-stones-predawn-fbi-arrest-operation-sparks-controversy,VIDEO,https://a57.foxnews.com/static.foxnews.com/foxnews.com/content/uploads/2018/10/340/340/img_2751-54438.jpg?ve=1&tl=1,,
NYT,"Indicting Roger Stone, Mueller Shows Link Between Trump Campaign and WikiLeaks",https://www.nytimes.com/2019/01/25/us/politics/roger-stone-trump-mueller.html,VIDEO,https://static01.nyt.com/images/2019/01/26/us/politics/26dc-stone-print/26dc-stone1-videoSixteenByNine3000.jpg,,"Roger J. Stone Jr., a longtime Trump adviser, has been charged as part of the investigation by the special counsel, Robert S. Mueller III. He was arrested in a pre-dawn F.B.I. raid in Fort Lauderdale, Fla., and appeared in court on Friday."
FOX,"Congress rejects Obama veto of 9/11 bill, in first override of presidency",http://www.foxnews.com/politics/2016/09/29/congress-rejects-obama-veto-911-bill-in-first-override-presidency.html,VIDEO,https://a57.foxnews.com/media2.foxnews.com/BrightCove/694940094001/2016/09/28/931/524/694940094001_5145750545001_Legal--political-fallout-from-veto-override-of-911-bill.jpg?ve=1&tl=1,,Insight from the Wall Street Journal's John Bussey and Fox News senior judicial analyst Judge Andrew Napolitano
NYT,Senate Set to Override Veto on Bill Allowing 9/11 Suits Against Saudi Arabia,https://mobile.nytimes.com/2016/09/29/us/politics/senate-9-11-saudi-arabia.html,IMAGE,https://static01.nyt.com/images/2016/09/28/us/28fdnl-pelosi/28fdnl-pelosi-articleLarge.jpg?quality=75&auto=webp&disable=upscale,,"Representative Nancy Pelosi of California, who plans to support a veto override effort, tried on Tuesday to play down any split between Democrats and Mr. Obama."
FOX,"Trump warns shutdown could last 'years,' says he may declare 'national emergency' to build border wall",https://www.foxnews.com/politics/congressional-leaders-meet-at-white-house-as-shutdown-stances-harden,VIDEO,https://a57.foxnews.com/static.foxnews.com/foxnews.com/content/uploads/2018/09/340/340/i-8dn8554-xl.jpg?ve=1&tl=1,,President Trump says discussions will continue about funding for border security after meeting with congressional leaders at the White House.
NYT,Trump says he could keep shutdown going for months or years,https://www.nytimes.com/2019/01/02/us/politics/trump-congress-shutdown.html,VIDEO,https://static01.nyt.com/images/2019/01/03/us/politics/03dc-shutdown1-sub/03dc-shutdown1-sub-videoSixteenByNine3000.jpg,,"Congressional leaders, including Representative Nancy Pelosi and Senator Chuck Schumer, met with President Trump to discuss border security. Ms. Pelosi said Democrats will put forth legislation to end the shutdown."
FOX,Trump gets into Twitter feud with former Mexican president,http://www.foxnews.com/politics/2016/08/31/trump-gets-into-twitter-feud-with-former-mexican-president.html,VIDEO,https://a57.foxnews.com/media2.foxnews.com/BrightCove/694940094001/2016/08/31/931/524/694940094001_5106571880001_0b4bc2b6-db26-483b-b728-d7627b2ac61d.jpg?ve=1&tl=1,,Strategy Room: Chuck Rocha and Marjorie Dannenfelser discuss Donald Trump's meeting with the President of Mexico today and how it might affect his speech tonight in Arizona 
NYT,"Vicente Fox, Ex-President of Mexico, Scoffs at Donald Trump’s Visit",https://mobile.nytimes.com/2016/09/01/us/politics/vicente-fox-mexico.html,IMAGE,https://static01.nyt.com/images/2016/09/01/us/01fd-fox/01fd-fox-articleInline.jpg?quality=75&auto=webp&disable=upscale,,Former President Vicente Fox met with international reporters at a Mexico City hotel in September 2014.
FOX,Joe Lieberman emerges as Trump's top choice for FBI director,https://www.foxnews.com/politics/joe-lieberman-emerges-as-trumps-top-choice-for-fbi-director,VIDEO,http://video.foxnews.com/v/5438251787001,"Joe Lieberman a bipartisan pick for FBI director?", "Joe Lieberman a bipartisan pick for FBI director? Radio hosts Leslie Marshall and Chris Plante react"
NYT,"Lieberman Is a Finalist for F.B.I. Director, Trump Says",https://mobile.nytimes.com/2017/05/18/us/politics/trump-fbi-director-lieberman.html,IMAGE,https://static01.nyt.com/images/2017/05/19/us/19fbi/19fbi-articleInline.jpg?quality=75&auto=webp&disable=upscale,,"Joseph I. Lieberman, the former Democratic senator and vice-presidential nominee, left the White House on Wednesday."
FOX,Trump: Roy Moore will 'step aside' if sexual misconduct allegations are true,http://www.foxnews.com/politics/2017/11/09/trump-roy-moore-will-step-aside-if-sexual-misconduct-allegations-are-true.html,VIDEO,https://a57.foxnews.com/media2.foxnews.com/BrightCove/694940094001/2017/11/10/931/524/694940094001_5641676354001_5641670753001-vs.jpg?ve=1&tl=1,,"Griff Jenkins reports from Washington, D.C."
NYT,Alabama Republicans Defend Roy Moore: ‘It Was 40 Years Ago’,https://mobile.nytimes.com/2017/11/10/us/politics/roy-moore-alabama-republicans.html,IMAGE,https://static01.nyt.com/images/2017/11/11/us/11xp-moore/11xp-moore-articleLarge.jpg?quality=75&auto=webp&disable=upscale,,"Roy S. Moore, the Republican nominee for Senate in Alabama, was accused of making sexual advances toward teenage girls. A state official said that the women’s claims were “much ado about nothing” and that Mr. Moore had done nothing “immoral or illegal.”"
FOX,"Trump declares emergency on border, eyes $8B for wall as he signs spending package",https://www.foxnews.com/politics/trump-eyes-8b-border-wall-funding-emergency-declaration,VIDEO,https://a57.foxnews.com/static.foxnews.com/foxnews.com/content/uploads/2018/10/340/340/img_2751-54438.jpg?ve=1&tl=1,,Trump says he will be signing a national emergency declaration to confront the crisis at the southern border.
NYT,"Trump Declares a National Emergency, and Provokes a Constitutional Clash",https://www.nytimes.com/2019/02/15/us/politics/national-emergency-trump.html,VIDEO,https://static01.nyt.com/images/2019/02/16/us/politics/16dc-trump-vid2/16dc-trump-vid2-videoSixteenByNine3000-v3.jpg,,"After declaring a national emergency to build a border wall, President Trump said “I want to get it done faster, that’s all.” The move bypasses Congress."
FOX,"IRS official who refused to testify facing more scrutiny over scandal, past",http://www.foxnews.com/politics/2013/05/23/irs-official-who-refused-to-testify-facing-more-scrutiny-over-scandal-past/,VIDEO,https://a57.foxnews.com/static.foxnews.com/foxnews.com/content/uploads/2018/09/340/340/doug-mckelway.png?ve=1&tl=1,,Doug McKelway reports
NYT,I.R.S. Official Invokes 5th Amendment at Hearing,http://www.nytimes.com/2013/05/23/us/politics/irs-official-denies-misleading-congress.html,IMAGE,https://static01.nyt.com/images/2013/05/23/us/23irs/23irs-articleLarge.jpg?quality=75&auto=webp&disable=upscale,,Lois Lerner of the Internal Revenue Service leaving a House hearing on Wednesday on the agency’s focus on conservative groups.
FOX,Glenn Beck Rips Progressivism at CPAC,http://www.foxnews.com/politics/2010/02/20/beck-encourages-conservatives,IMAGE,https://a57.foxnews.com/a57.foxnews.com/static.foxnews.com/foxnews.com/content/uploads/2018/09/640/320/1862/1048/022010_matt_beck.jpg?ve=1&tl=1?ve=1&tl=1,Feb. 20: Glenn Beck delivers keynote address at CPAC.,"          Feb. 20: Glenn Beck delivers keynote address at CPAC.
          (AP)"
NYT,Beck Wows the CPAC Crowd,https://thecaucus.blogs.nytimes.com/2010/02/20/beck-wows-the-cpac-crowd/,IMAGE,https://static01.nyt.com/images/2010/02/21/us/21cpac_beck01/21cpac_beck01-blogSpan.jpg,"Glenn Beck at CPAC","Glenn Beck speaking at the Conservative Political Action Conference on Saturday."
FOX,"Cruz blames Trump for affair story, hints he wouldn't support him in general election",https://www.foxnews.com/politics/cruz-blames-trump-for-affair-story-hints-he-wouldnt-support-him-in-general-election,IMAGE,https://a57.foxnews.com/a57.foxnews.com/static.foxnews.com/foxnews.com/content/uploads/2018/09/640/320/1862/1048/Cruza-Utah-Win.jpg?ve=1&tl=1?ve=1&tl=1,"WASHINGTON, DC - MARCH 22:  Republican presidential candidate Sen. Ted Cruz (R-TX) arrives to address the bombings in Brussels during remarks March 22, 2016 in Washington, DC. Reports indicate at least 34 people have died and scores more injured in the bombings at the airport and Metro.  (Photo by Win McNamee/Getty Images)","
          WASHINGTON, DC - MARCH 22:  Republican presidential candidate Sen. Ted Cruz (R-TX) arrives to address the bombings in Brussels during remarks March 22, 2016 in Washington, DC. Reports indicate at least 34 people have died and scores more injured in the bombings at the airport and Metro.  (Photo by Win McNamee/Getty Images)
          "
NYT,Arguments Get Personal Between Donald Trump and Ted Cruz,https://www.nytimes.com/politics/first-draft/2016/03/25/arguments-get-personal-between-donald-trump-and-ted-cruz/,IMAGE,https://static01.nyt.com/images/2016/03/24/us/24firstdraftnl-lede/24firstdraftnl-lede-tmagArticle.jpg,"Donald Trump and Melania Trump in the spin room after the Republican presidential debate at the University of Miami in Coral Gables, Fla., on March 10.","Donald Trump and Melania Trump in the spin room after the Republican presidential debate at the University of Miami in Coral Gables, Fla., on March 10."
FOX,Elizabeth Cheney blasted by older sister over gay-marriage stance,http://www.foxnews.com/politics/2013/09/01/elizabeth-cheney-blasted-by-older-sister-over-gay-marriage-stance/,IMAGE,https://a57.foxnews.com/a57.foxnews.com/static.foxnews.com/foxnews.com/content/uploads/2018/09/640/320/1862/1048/Senate-Family-Ties_Cala.jpg?ve=1&tl=1?ve=1&tl=1,"FILE - In this July 17, 2013, file photo Liz Cheney campaigns in Casper, Wyoming, after announcing the day before her GOP primary challenge to Wyoming's senior U.S. incumbent Sen. Mike Enzi. Liz, former Vice President Dick Cheney's eldest daughter has galvanized the state's political scene by seeking the seat of Sen. Mike Enzi, a Republican favored by his party's establishment. Family does matter in the runup to next fall's Senate elections: Candidates are wielding famous political pedigrees in a number of races that could determine whether Democrats maintain control in the 2014 elections. (AP Photo/Matt Young, File)","          FILE - In this July 17, 2013, file photo Liz Cheney campaigns in Casper, Wyoming, after announcing the day before her GOP primary challenge to Wyoming's senior U.S. incumbent Sen. Mike Enzi. Liz, former Vice President Dick Cheney's eldest daughter has galvanized the state's political scene by seeking the seat of Sen. Mike Enzi, a Republican favored by his party's establishment. Family does matter in the runup to next fall's Senate elections: Candidates are wielding famous political pedigrees in a number of races that could determine whether Democrats maintain control in the 2014 elections. (AP Photo/Matt Young, File)
          (A2013)"
NYT,Mary Cheney Criticizes Her Sister on Same-Sex Marriage,https://thecaucus.blogs.nytimes.com/2013/08/31/mary-cheney-criticizes-her-sister-on-same-sex-marriage/,IMAGE,https://static01.nyt.com/images/2013/09/01/us/01cheney_blog/01cheney_blog-articleInline.jpg,"Mary Cheney in 2009.","Mary Cheney in 2009."
FOX,Texas Rep. Blake Farenthold resigns from Congress,http://www.foxnews.com/politics/2018/04/06/texas-rep-blake-farenthold-resigns-from-congress.html,IMAGE,https://a57.foxnews.com/static.foxnews.com/foxnews.com/content/uploads/2018/10/340/340/img_2751-54438.jpg?ve=1&tl=1,Brooke Singman,"          Rep. Blake Farenthold arrives before Deputy U.S. Attorney General Rod Rosenstein testifies to the House Judiciary Committee hearing on oversight of the Justice Department on Capitol Hill in Washington, U.S., December 13, 2017.   REUTERS/Joshua Roberts - RC1CC7E0DBA0
          "
NYT,Texas Congressman Who Settled Harassment Case With Taxpayer Funds Resigns,https://mobile.nytimes.com/2018/04/06/us/politics/farenthold-harassment-case-resigns.html,IMAGE,https://static01.nyt.com/images/2018/04/07/us/politics/07dc-farenthold/merlin_131243010_76c20161-ba7e-41ed-9eb8-e9bd5f196cb4-articleLarge.jpg?quality=75&auto=webp&disable=upscale,,"Representative Blake Farenthold, Republican of Texas, in December at the Capitol."
FOX,Maine Gov. LePage opens door to early exit,http://www.foxnews.com/politics/2016/08/30/maine-gov-lepage-opens-door-to-early-exit.html,VIDEO,https://a57.foxnews.com/video.foxnews.com/thumbnails/071811/640/360/931/524/071811_cav_lepage_640.jpg?ve=1&tl=1,,"Maine governor on reducing state income tax rate, spending"
NYT,"Paul LePage, the Governor of Maine, Now Says He’s Not Quitting",https://www.nytimes.com/2016/09/01/us/paul-lepage-maine-governor.html,NONE,NONE,NONE,NONE
FOX,Benghazi committee seeks 'transcribed' interview with Clinton over deleted records,http://www.foxnews.com/politics/2015/03/31/benghazi-committee-requests-clinton-submit-to-interview-about-private-deleted.html,VIDEO,https://a57.foxnews.com/a57.foxnews.com/media2.foxnews.com/2015/03/30/640/360/931/524/hannity_hillary_033015.jpg?ve=1&tl=1,,Gowdy: Clinton wiped server clean on 'Hannity'
NYT,House Panel Seeks Private Talk With Hillary Clinton About Email,https://www.nytimes.com/2015/04/01/us/politics/hillary-clinton-email-benghazi-inquiry.html,IMAGE,https://static01.nyt.com/images/2015/04/01/nyregion/01LEFT/01LEFT-articleLarge.jpg?quality=75&auto=webp&disable=upscale,,Hillary Rodham Clinton has been asked by a congressman to privately discuss email from her time as the secretary of state.
FOX,GOP Senators Keep Pressure on Steele Over 'Inaccurate' Afghanistan Comments,http://www.foxnews.com/politics/2010/07/04/gop-senators-pressure-steele-inaccurate-afghanistan-comments.html,IMAGE,https://a57.foxnews.com/a57.foxnews.com/static.foxnews.com/foxnews.com/content/uploads/2018/09/640/320/1862/1048/steele_sf_062410.jpg?ve=1&tl=1?ve=1&tl=1,Republican National Committee Chairman Michael Steele answers questions before speaking to the San Francisco Chamber of Commerce in San Francisco June 24. (AP Photo),"          Republican National Committee Chairman Michael Steele answers questions before speaking to the San Francisco Chamber of Commerce in San Francisco June 24. (AP Photo)
          "
NYT,Michael Steele Criticized for Afghanistan Comments,http://www.nytimes.com/2010/07/03/us/politics/03steele.html,NONE,NONE,NONE,NONE
FOX,Pelosi wins another term as House Democratic leader; Ryan’s dynamic challenge falls short,http://www.foxnews.com/politics/2016/11/30/house-democrats-set-to-vote-for-leader.html,VIDEO,https://a57.foxnews.com/media2.foxnews.com/BrightCove/694940094001/2016/11/30/931/524/694940094001_5229664024001_House-Democrats-re-elect-Nancy-Pelosi.jpg?ve=1&tl=1,,Minority leader fends off challenge from Rep. Tim Ryan
NYT,Nancy Pelosi Beats Back House Democratic Leadership Challenge,https://www.nytimes.com/2016/11/30/us/politics/nancy-pelosi-house-democrats-tim-ryan.html,VIDEO,https://static01.nyt.com/images/2016/12/01/us/01dems/01dems-videoSixteenByNineJumbo1600.jpg,,"Nancy Pelosi, the House minority leader, was challenged for the position by Representative Tim Ryan of Ohio."
FOX,Republicans prepare to go nuclear with Gorsuch vote as Dems seek new delay,http://www.foxnews.com/politics/2017/03/22/republicans-prepare-to-go-nuclear-with-gorsuch-vote-as-dems-seek-new-delay.html,VIDEO,https://a57.foxnews.com/static.foxnews.com/foxnews.com/content/uploads/2018/09/340/340/cody-derespina.png?ve=1&tl=1,,Sen. John Thune reacts to criticism from colleagues
NYT,Democrats Plan to Filibuster to Thwart Gorsuch Nomination,https://www.nytimes.com/2017/03/23/us/politics/democrats-filibuster-neil-gorsuch-nomination.html,IMAGE,https://static01.nyt.com/images/2017/03/24/us/24FILIBUSTER-01/24FILIBUSTER-01-articleLarge.jpg?quality=75&auto=webp&disable=upscale,,Judge Neil M. Gorsuch at his Supreme Court confirmation hearing on Capitol Hill on Wednesday.
FOX,"Double-Dip Recession Possible Without Tax Deal, Obama's Top Economic Aide Warns",http://www.foxnews.com/politics/2010/12/08/double-dip-recession-possible-tax-deal-obamas-economic-aide-warns/,IMAGE,https://a57.foxnews.com/a57.foxnews.com/static.foxnews.com/foxnews.com/content/uploads/2018/09/640/320/1862/1048/Lawrence-Summers.jpg?ve=1&tl=1?ve=1&tl=1,"FILE: Oct. 16, 2009: Lawrence Summers, then-White House chief economic adviser, speaks at the Buttonwood Gathering in New York.","          FILE: Oct. 16, 2009: Lawrence Summers, then-White House chief economic adviser, speaks at the Buttonwood Gathering in New York.
          (AP)"
NYT,"Biden Tries, Again, to Sell Tax Compromise to Hill Democrats",http://thecaucus.blogs.nytimes.com/2010/12/08/biden-tries-again-to-sell-tax-compromise-to-hill-democrats/,NONE,NONE,NONE,NONE
FOX,"Sparks fly as Biden, Ryan face off in feisty vice presidential debate",http://www.foxnews.com/politics/2012/10/11/biden-ryan-face-off-in-high-stakes-vice-presidential-debate-in-kentucky/,VIDEO,https://a57.foxnews.com/video.foxnews.com/thumbnails/101212/640/360/931/524/101112_han_chaffetz_640.jpg?ve=1&tl=1,,VP Joe Biden or Rep. Paul Ryan?
NYT,Biden Takes Off Gloves in Vice-Presidential Debate,http://www.nytimes.com/2012/10/12/us/politics/biden-takes-off-gloves-in-vice-presidential-debate.html,VIDEO,https://static01.nyt.com/images/2012/10/12/us/politics/video-vp-debate-highlights-v2/video-vp-debate-highlights-v2-videoSmall.jpg,,"October 11, 2012 — Highlights from the vice-presidential debate."
FOX,"Romney reaffirms belief in marriage as between man, woman",http://www.foxnews.com/politics/2012/05/09/romney-reaffirms-belief-in-marriage-as-between-man-woman/,IMAGE,//static.foxnews.com/foxnews.com/content/uploads/2019/08/elections-og-candidate-tracker-3.png,,
NYT,"Romney Reaffirms Opposition to Marriage, or Unions, for Gay Couples",https://www.nytimes.com/2012/05/10/us/politics/romney-reaffirms-opposition-to-marriage-or-similar-for-gay-couples.html,IMAGE,https://static01.nyt.com/images/2012/05/10/us/10romney/10romney-articleLarge.jpg?quality=75&auto=webp&disable=upscale,,"Mitt Romney campaigning Wednesday in Fort Lupton, Colo. He has said he favors some rights for same-sex couples, but not rights tantamount to marriage."
FOX,NAACP Resolution Calls on Tea Party to Repudiate 'Racist Elements' in Movement,http://www.foxnews.com/politics/2010/07/13/tea-party-preempts-racist-resolution-condemns-bigoted-naacp/,IMAGE,https://a57.foxnews.com/a57.foxnews.com/static.foxnews.com/foxnews.com/content/uploads/2018/09/640/320/1862/1048/naacp_071210.jpg?ve=1&tl=1?ve=1&tl=1,"The audience applauds after first lady Michelle Obama speaks at the annual NAACP convention July 12 in Kansas City, Mo. (AP Photo)","          The audience applauds after first lady Michelle Obama speaks at the annual NAACP convention July 12 in Kansas City, Mo. (AP Photo)
          "
NYT,N.A.A.C.P. Challenges Tea Party on Racism,http://thecaucus.blogs.nytimes.com/2010/07/13/n-a-a-c-p-challenges-tea-party-on-racism/,NONE,NONE,NONE,NONE
FOX,Obama: ‘In God We Trust' Vote Not Creating Jobs,http://www.foxnews.com/politics/2011/11/02/obama-in-god-trust-vote-not-creating-jobs/,IMAGE,//static.foxnews.com/foxnews.com/content/uploads/2019/08/elections-og-candidate-tracker-3.png,,
NYT,Obama Taunts G.O.P.  for Ignoring Jobs Bill,http://thecaucus.blogs.nytimes.com/2011/11/02/obama-taunts-house-for-ignoring-jobs-bill/,NONE,NONE,NONE,NONE
FOX,Boehner: '1-in-3 chance' Republicans could lose House in November,http://www.foxnews.com/politics/2012/04/23/boehner-1-in-3-chance-gop-could-lose-house/,VIDEO,https://a57.foxnews.com/video.foxnews.com/thumbnails/042312/640/360/931/524/042312_sr_preview.jpg?ve=1&tl=1,,Sneak peek at Bill Hemmer's interview
NYT,Boehner Sees One-in-Three Chance G.O.P. Will Lose House,http://thecaucus.blogs.nytimes.com/2012/04/23/boehner-offers-g-o-p-a-warning-on-control-of-the-house/,NONE,NONE,NONE,NONE
FOX,Suspect arrested in Florida in connection with suspicious packages sent to Democrats,https://www.foxnews.com/us/suspect-arrested-in-florida-in-connection-with-suspicious-packages-sent-to-democrats,VIDEO,https://a57.foxnews.com/static.foxnews.com/foxnews.com/content/uploads/2018/09/340/340/barnini-chakraborty.png?ve=1&tl=1,,"Attorney General Jeff Sessions and FBI Director Christopher Wray hold a news conference at the Justice Department on the arrest of Cesar Sayoc, who was identified using DNA and fingerprint evidence and stands charged with five crimes, including illegal mailing of explosives."
NYT,Pipe Bomb Suspect Arrested in Southern Florida,https://www.nytimes.com/2018/10/26/nyregion/cnn-cory-booker-pipe-bombs-sent.html,IMAGE,https://static01.nyt.com/images/2018/10/27/nyregion/27bombs21/27bombs21-articleLarge.jpg?quality=75&auto=webp&disable=upscale,,"A package addressed to James R. Clapper Jr., the former director of national intelligence, was meant to be delivered to the New York offices of CNN, but was intercepted at a mail facility in Midtown Manhattan on Friday, police officials said."
FOX,"Trump calls Flynn treatment 'unfair,' claims Clinton 'lied many times' with impunity",https://www.foxnews.com/politics/trump-calls-flynn-treatment-unfair-claims-clinton-lied-many-times-with-impunity,VIDEO,https://a57.foxnews.com/static.foxnews.com/foxnews.com/content/uploads/2018/09/340/340/bergerpic2.jpg?ve=1&tl=1,,The president says Hillary Clinton lied 'many times' to the FBI and 'nothing happened to her.'
NYT,"F.B.I. 'Destroyed' Flynn’s Life for Lying, Trump Says, but 'Nothing Happened' to Clinton",https://www.nytimes.com/2017/12/04/us/politics/fbi-michael-flynn-trump.html,VIDEO,https://static01.nyt.com/images/2017/12/05/us/politics/05dc-trump1/05dc-trump1-videoSixteenByNine3000.jpg,,"President Trump spoke on Monday about Michael T. Flynn, his former national security adviser who admitted lying to the F.B.I."
FOX,Trump says 'too many voices are being destroyed' by social media censorship,http://www.foxnews.com/politics/2018/08/18/trump-says-too-many-voices-are-being-destroyed-by-social-media-censorship.html,VIDEO,https://a57.foxnews.com/static.foxnews.com/foxnews.com/content/uploads/2018/09/340/340/i-8dn8554-xl.jpg?ve=1&tl=1,,"A new Vice investigation has exposed apparent shadow bans on conservative accounts on Twitter, while Google-owned YouTube recently removed several videos purely for their political content. #Tucker"
NYT,Trump Accuses Social Media Firms of Discrimination Against Conservatives,https://www.nytimes.com/2018/08/18/us/politics/trump-social-media-conservatives.html,IMAGE,https://static01.nyt.com/images/2018/08/19/us/19dc-trump/merlin_142469394_ae1e671d-0e22-4331-8bd2-00b490a32271-articleLarge.jpg?quality=75&auto=webp&disable=upscale,,President Trump hinted that he might take action against social media companies that remove content from conservatives.
FOX,N.C. Congressman Apologizes for Physical Confrontation With Man in Washington,https://www.foxnews.com/politics/n-c-congressman-apologizes-for-physical-confrontation-with-man-in-washington,IMAGE,https://a57.foxnews.com/static.foxnews.com/foxnews.com/content/uploads/2018/09/918/516/061410_Etheridge1-1.jpg?ve=1&tl=1,25c5042e-,An amateur video posted to YouTube shows Rep. Bob Etheridge grabbing the neck of an unidentified man who questioned him on a street in Washington (YouTube).
NYT,"Etheridge, Caught on Video, Apologizes ",https://archive.nytimes.com/query.nytimes.com/gst/fullpage-9E03E1D61E3DF936A25755C0A9669D8B63.html,IMAGE,https://static01.nyt.com/images/misc/nytlogo152x23.gif,,
FOX,Bachmann Newsweek Cover Goes for Insult But Gets Criticism in Return,http://www.foxnews.com/politics/2011/08/09/bachmann-newsweek-cover-goes-for-insult-but-gets-criticism-in-return/,IMAGE,https://a57.foxnews.com/a57.foxnews.com/static.foxnews.com/foxnews.com/content/uploads/2018/09/640/320/1862/1048/newsweekbachmann.jpg?ve=1&tl=1?ve=1&tl=1,,
NYT,Bachmann Cover Controversy Prompts Response From Newsweek,http://thecaucus.blogs.nytimes.com/2011/08/09/newsweeks-bachmann-cover-causes-controversy/,NONE,NONE,NONE,NONE
FOX,Aide to GOP lawmaker apologizes for Facebook post ripping Obama daughters,http://www.foxnews.com/politics/2014/11/30/aide-to-gop-lawmaker-apologizes-for-facebook-post-ripping-obama-daughters.html,IMAGE,https://a57.foxnews.com/a57.foxnews.com/static.foxnews.com/foxnews.com/content/uploads/2018/09/640/320/1862/1048/Obama-Turkey-Pardon_Cham640360113014.jpg?ve=1&tl=1?ve=1&tl=1,"November 26, 2014: President Barack Obama, joined by his daughters Malia, right, and Sasha, center, speaks during the presidential turkey pardon ceremony at the White House. (AP Photo/Jacquelyn Martin)","          November 26, 2014: President Barack Obama, joined by his daughters Malia, right, and Sasha, center, speaks during the presidential turkey pardon ceremony at the White House. (AP Photo/Jacquelyn Martin)
          "
NYT,"G.O.P. Aide Quits After Ridiculing Obama’s Daughters, Sasha and Malia",https://www.nytimes.com/2014/12/02/us/gop-aide-quits-after-ridiculing-obamas-daughters.html,IMAGE,https://static01.nyt.com/images/2014/12/02/us/DAUGHTERS/DAUGHTERS-articleLarge.jpg?quality=75&auto=webp&disable=upscale,,A Republican spokeswoman found fault with the attire of Sasha and Malia Obama at the presidential turkey pardon.
FOX,"Santorum: 'Phony theology' comment was about energy policy, not Christian faith",http://www.foxnews.com/politics/2012/02/19/santorum-talks-economy-with-phony-theology-comment-but-social-debate-ensues/,IMAGE,https://a57.foxnews.com/a57.foxnews.com/static.foxnews.com/foxnews.com/content/uploads/2018/09/640/320/1862/1048/santorum_rick_021812.jpg?ve=1&tl=1?ve=1&tl=1,"Feb. 18, 2012: Rick Santorum speaks at the Ohio Christian Alliance conference in Columbus.","          Feb. 18, 2012: Rick Santorum speaks at the Ohio Christian Alliance conference in Columbus.
          (AP)"
NYT,Santorum Defends Comments on Obama and Education,http://thecaucus.blogs.nytimes.com/2012/02/19/santorum-defends-comments-on-obama-and-education/,NONE,NONE,NONE,NONE
FOX,"Kathy Griffin apologizes for photo shoot with bloodied Trump mask, says she 'went too far'",http://www.foxnews.com/entertainment/2017/05/30/kathy-griffin-apologizes-for-photo-shoot-with-bloodied-trump-mask-says-went-too-far.html,IMAGE,https://a57.foxnews.com/a57.foxnews.com/static.foxnews.com/foxnews.com/content/uploads/2018/09/640/320/1862/1048/Kathy-griffin-trump_TylerShields.jpg?ve=1&tl=1?ve=1&tl=1,,(Courtesy of Tyler Shields)
NYT,Trump Lashes Out at Kathy Griffin and Democrats,https://mobile.nytimes.com/2017/05/31/us/politics/trump-kathy-griffin-comedian-democrats.html,IMAGE,https://static01.nyt.com/images/2017/05/31/us/01TRUMP/01TRUMP-articleInline.jpg?quality=75&auto=webp&disable=upscale,,President Trump at an event at the White House on May 12.
FOX,Trump says he appreciates Mueller’s statement disputing BuzzFeed report,https://www.foxnews.com/politics/trump-says-he-appreciates-muellers-statement-disputing-buzzfeed-report,VIDEO,https://a57.foxnews.com/static.foxnews.com/foxnews.com/content/uploads/2018/09/340/340/i-8dn8554-xl.jpg?ve=1&tl=1,,
NYT,Mueller Statement Disputes Report That Trump Directed Cohen to Lie,https://www.nytimes.com/2019/01/18/us/politics/buzzfeed-cohen-russia-tower.html,IMAGE,https://static01.nyt.com/images/2019/01/19/us/19dc-cohen-print/19dc-cohen-articleLarge.jpg?quality=75&auto=webp&disable=upscale,,"Michael D. Cohen, President Trump’s longtime lawyer and fixer, was sentenced last month to three years in prison."
FOX,"Huckabee announces 2016 White House bid, with focus on economy and security | Fox News",http://www.foxnews.com/politics/2015/05/05/huckabee-announces-2016-white-house-bid.html,VIDEO,https://a57.foxnews.com/a57.foxnews.com/media2.foxnews.com/2015/05/05/640/360/931/524/050515_root_huck_640.jpg?ve=1&tl=1,,Former Arkansas governor joins race for the White House
NYT,Mike Huckabee on the Issues,https://www.nytimes.com/2015/05/06/us/politics/mike-huckabee-on-the-issues.html,IMAGE,https://static01.nyt.com/images/2015/05/06/us/politics/06ISSUES-HUCKABEE-web/06ISSUES-HUCKABEE-web-articleLarge.jpg?quality=75&auto=webp&disable=upscale,,Mike Huckabee at the National Rifle Association's annual meeting in Nashville last month.
FOX,Ryan facing Catholic prof complaints over budget comments ahead of Georgetown speech,http://www.foxnews.com/politics/2012/04/25/gop-ryan-set-for-georgetown-speech-says-budget-addresses-poor-needs,IMAGE,https://a57.foxnews.com/a57.foxnews.com/static.foxnews.com/foxnews.com/content/uploads/2018/09/640/320/1862/1048/02a02fdb-012511_ryan.jpg?ve=1&tl=1?ve=1&tl=1,"April 15, 2010: Rep. Paul Ryan, R-Wis., chairman of the House Budget Committee, speaks on Capitol Hill.","          April 15, 2010: Rep. Paul Ryan, R-Wis., chairman of the House Budget Committee, speaks on Capitol Hill.
          (AP)"
NYT,Georgetown Faculty Latest to Chide Ryan ,http://thecaucus.blogs.nytimes.com/2012/04/24/georgetown-faculty-latest-to-chide-ryan/,NONE,NONE,NONE,NONE
FOX,Former Mexican President Fox to Trump: We won't pay for 'that f***ing wall!',https://www.foxnews.com/politics/former-mexican-president-fox-to-trump-we-wont-pay-for-that-fing-wall,IMAGE,https://a57.foxnews.com/a57.foxnews.com/static.foxnews.com/foxnews.com/content/uploads/2018/09/640/320/1862/1048/Vicente-Fox-Trump.jpg?ve=1&tl=1?ve=1&tl=1,"NEW YORK - OCTOBER 9:  Former Mexican President Vicente Fox speaks before signing copies of his memoir 'Revolution of Hope' in the Barnes &amp; Noble Union Square store October 9, 2007 in New York City. Fox openly writes in the book about major world personalities including U.S. President George W. Bush.  (Photo by Mario Tama/Getty Images) *** Local Caption *** Vicente Fox","
          NEW YORK - OCTOBER 9:  Former Mexican President Vicente Fox speaks before signing copies of his memoir 'Revolution of Hope' in the Barnes &amp; Noble Union Square store October 9, 2007 in New York City. Fox openly writes in the book about major world personalities including U.S. President George W. Bush.  (Photo by Mario Tama/Getty Images) *** Local Caption *** Vicente Fox
          "
NYT,"Vicente Fox and Felipe Calderón, 2 Ex-Presidents of Mexico, Say No Way Country Is Paying for Donald Trump's Wall",https://www.nytimes.com/politics/first-draft/2016/02/25/2-ex-presidents-of-mexico-say-no-way-theyre-paying-for-donald-trumps-wall/,IMAGE,https://static01.nyt.com/images/2016/02/26/us/25firstdraft-vicente/25firstdraft-vicente-tmagArticle.jpg,"Vicente Fox, the former president of Mexico, in 2014.","Vicente Fox, the former president of Mexico, in 2014."
FOX,Schumer bashed by the left over shutdown-ending deal,http://www.foxnews.com/politics/2018/01/23/schumer-bashed-by-left-over-shutdown-ending-deal.html,VIDEO,https://a57.foxnews.com/static.foxnews.com/foxnews.com/content/uploads/2018/09/340/340/joseph-weber.png?ve=1&tl=1,,"Senate passes bill to end shutdown, House to vote soon; reaction and analysis on 'The Five.'"
NYT,Senate Democrats’ Vote to End Shutdown Infuriates Some on the Left,https://www.nytimes.com/2018/01/22/us/politics/liberal-activists-democrats-betrayal-shutdown.html,IMAGE,https://static01.nyt.com/images/2018/01/23/us/politics/23dc-dems/merlin_132727436_bdae13f2-23a0-44af-a5f8-91a65f272091-articleLarge.jpg?quality=75&auto=webp&disable=upscale,,"Recipients of the Deferred Action for Childhood Arrivals program and their supporters protested Monday in Anaheim, Calif."
FOX,Ginsburg under fire from both sides over ‘highly inappropriate’ Trump comments,http://www.foxnews.com/politics/2016/07/13/ginsburg-under-fire-from-both-sides-over-highly-inappropriate-trump-comments.html,VIDEO,https://a57.foxnews.com/media2.foxnews.com/BrightCove/694940094001/2016/07/12/931/524/694940094001_5032446103001_12132a0d-2824-4810-b432-8121c9f2dc10.jpg?ve=1&tl=1,,Bias Bash: Ellen Ratner on why the media should be holding Supreme Court Justice Ruth Bader Ginsburg to task for her recent comments on Donald Trump
NYT,Donald Trump Rebukes Ruth Bader Ginsburg for Deriding His Candidacy,https://www.nytimes.com/2016/07/13/us/politics/ruth-bader-ginsburg-donald-trump.html,IMAGE,https://static01.nyt.com/images/2016/07/13/us/13fd-ginsburg/13fd-ginsburg-articleLarge.jpg?quality=75&auto=webp&disable=upscale,,Supreme Court Justice Ruth Bader Ginsburg in Washington in 2015.
FOX,Trump’s immigration offer brings sharp reactions from Dems and GOP,https://www.foxnews.com/politics/trumps-immigration-offer-brings-polarized-reactions-from-dems-and-gop,VIDEO,http://video.foxnews.com/v/5991477635001,"/President Trump outlines new border security proposal to break logjam over partial government shutdown","President Trump outlines new border security proposal to break logjam over partial government shutdown"
NYT,Trump Offers Temporary Protections for ‘Dreamers’ in Exchange for Wall Funding,https://www.nytimes.com/2019/01/19/us/politics/trump-proposal-daca-wall.html,VIDEO,https://static01.nyt.com/images/2019/01/20/business/20TRUMP-sub1/20TRUMP-sub1-videoSixteenByNine3000-v2.jpg,,"In a White House address, President Trump announced a plan that would provide temporary protection from deportation for some immigrants in exchange for $5.7 billion in funding for a wall on the U.S.-Mexico border."
FOX,"Obama, Boehner meet on fiscal crisis for first time in weeks",http://www.foxnews.com/politics/2012/12/10/obama-boehner-meet-on-fiscal-crisis-for-first-time-in-weeks/,IMAGE,https://a57.foxnews.com/a57.foxnews.com/static.foxnews.com/foxnews.com/content/uploads/2018/09/640/320/1862/1048/550e2625-obama_fiscalboehner_111612.jpg?ve=1&tl=1?ve=1&tl=1,"Nov. 16, 2012: President Obama and House Speaker John Boehner meet at the White House.","          Nov. 16, 2012: President Obama and House Speaker John Boehner meet at the White House.
          (AP)"
NYT,Obama and Boehner Talk Deficits at the White House,http://thecaucus.blogs.nytimes.com/2012/12/09/officials-foresee-progress-on-fiscal-talks/,NONE,NONE,NONE,NONE
FOX,Donald Trump Jr. releases messages with WikiLeaks from before election,http://www.foxnews.com/politics/2017/11/13/donald-trump-jr-releases-messages-with-wikileaks-from-before-election.html,VIDEO,https://a57.foxnews.com/static.foxnews.com/foxnews.com/content/uploads/2018/10/340/340/img_2751-54438.jpg?ve=1&tl=1,,President Trump's eldest son corresponded with WikiLeaks before the 2016 presidential election; Rep. Ron DeSantis weighs in.
NYT,Donald Trump Jr. Communicated With WikiLeaks During Campaign,https://mobile.nytimes.com/2017/11/13/us/politics/donald-trump-jr-wikileaks-emails-democrats.html,IMAGE,https://static01.nyt.com/images/2017/11/14/us/politics/14dc-wikileaks1/14dc-wikileaks1-articleLarge.jpg?quality=75&auto=webp&disable=upscale,,Donald Trump Jr. at the third presidential debate last year.
FOX,"Trump vows birthright citizenship ‘will be ended one way or the other,’ as Hill debate rages",https://www.foxnews.com/politics/trump-promises-birthright-citizenship-will-be-ended-one-way-or-the-other,VIDEO,https://a57.foxnews.com/static.foxnews.com/foxnews.com/content/uploads/2018/09/340/340/i-8dn8554-xl.jpg?ve=1&tl=1,,
NYT,President Wants to Use Executive Order to End Birthright Citizenship,https://www.nytimes.com/2018/10/30/us/politics/trump-birthright-citizenship.html,IMAGE,https://static01.nyt.com/images/2018/10/31/us/politics/31dc-citizen-sub/merlin_145897215_28f85483-34dd-4b81-b299-62748e52d044-articleLarge.jpg?quality=75&auto=webp&disable=upscale,,"President Trump at a political rally last week in Charlotte, N.C."
FOX,Romney calls on Rep. Akin to drop Senate bid over 'rape' comments,http://www.foxnews.com/politics/2012/08/21/rep-akin-appeals-for-forgiveness-in-new-ad-as-pressure-over-rape-comment-builds/,VIDEO,https://a57.foxnews.com/video.foxnews.com/thumbnails/082112/640/360/931/524/082112_centanni_akin_640.jpg?ve=1&tl=1,,"Steve Centanni reports from Washington, D.C."
NYT,"With Abortion in the Spotlight, a Challenge for Romney",http://thecaucus.blogs.nytimes.com/2012/08/21/with-abortion-in-the-spotlight-a-challenge-for-romney/,NONE,NONE,NONE,NONE
FOX,Obama administration defends 2nd mass surveillance project,http://www.foxnews.com/politics/2013/06/07/intelligence-officials-reportedly-mining-data-from-us-internet-companies/,VIDEO,https://a57.foxnews.com/a57.foxnews.com/media2.foxnews.com/thumbnails/i/060613/640/360/931/524/060613_fxr_heddridge_640.jpg?ve=1&tl=1,,Fox News confirms agency tapped into online records
NYT,White House Plays Down Data Program,http://www.nytimes.com/2013/06/09/us/politics/officials-say-congress-was-fully-briefed-on-surveillance.html,IMAGE,https://static01.nyt.com/images/2013/06/09/world/PRISM-WEICH/PRISM-WEICH-articleLarge.jpg?quality=75&auto=webp&disable=upscale,,"From left, Assistant Attorney General Ronald Weich and Senators Ron Wyden, Mark Udall and Richard J. Durbin. Mr. Wyden and Mr. Udall have criticized techniques that Mr. Weich defends."
FOX,Ocasio-Cortez defends Tlaib after impeachment remarks: ‘I got your back’,https://www.foxnews.com/politics/ocasio-cortez-defends-tlaib-after-impeachment-remarks-i-got-your-back.print,IMAGE,//global.fncstatic.com/static/v/all/img/icon-print.gif,Print,"      Rep. Alexandria Ocasio-Cortez took a stand for fellow House freshman  Rashida Tlaib on Saturday after the latter’s expletive-laced comments in favor of impeaching the president.
      "
NYT,Rashida Tlaib's Expletive-Laden Cry to Impeach Trump Upends Democrats' Talking Points,https://www.nytimes.com/2019/01/04/us/politics/tlaib-impeach-trump.html,IMAGE,https://static01.nyt.com/images/2019/01/05/us/politics/05dc-impeach/05dc-impeach-articleLarge.jpg?quality=75&auto=webp&disable=upscale,,"Representative Rashida Tlaib, Democrat of Michigan, made no apologies for the remarks she made hours after being sworn in on Thursday."
FOX,"Trump takes on Obama, Clinton over ‘radical Islam’ as candidates condemn terror",http://www.foxnews.com/politics/2016/06/13/trump-takes-on-obama-clinton-over-radical-islam-as-candidates-condemn-terror.html,VIDEO,https://a57.foxnews.com/media2.foxnews.com/BrightCove/694940094001/2016/06/11/931/524/694940094001_4936161797001_879f3c36-c87f-4017-8c24-ac2f92b0f5e3.jpg?ve=1&tl=1,,Which candidate has the clearest plan for our economy?
NYT,"After Nightclub Massacre, Obama Expresses Outrage and a Familiar Lament",https://www.nytimes.com/2016/06/13/us/politics/president-obama-expresses-outrage-over-massacre-at-nightclub.html,VIDEO,https://static01.nyt.com/images/2016/06/13/us/13obama-hp/13obama-hp-videoSixteenByNine3000.jpg,,The president described the mass shooting at a Florida nightclub on Sunday as an “act of terror.”
FOX,Arkansas governor seeks changes in religious freedom bill,http://www.foxnews.com/politics/2015/04/01/arkansas-governor-sends-religious-freedom-bill-back-to-legislature-seeks.html,VIDEO,https://a57.foxnews.com/a57.foxnews.com/media2.foxnews.com/2015/04/01/640/360/931/524/040115_strategyroom_freedom_640.jpg?ve=1&tl=1,,Brad Blakeman and Joe Lestingi on the growing debate over state legislation
NYT,Arkansas Governor’s Son Thrust Into Spotlight Over Religious Exception Bill,https://mobile.nytimes.com/2015/04/02/us/arkansas-governors-son-thurst-into-spotlight-over-religious-freedom-bill.html,IMAGE,https://static01.nyt.com/images/2015/04/02/us/02SETHWEB/02SETHWEB-jumbo.jpg?quality=75&auto=webp&disable=upscale,,"Seth Hutchinson, a son of Gov. Asa Hutchinson of Arkansas, is a union organizer."
FOX,IRS extends tax benefits to married gay couples,http://www.foxnews.com/politics/2013/08/29/irs-issues-tax-rules-for-married-gay-couples/,VIDEO,https://a57.foxnews.com/a57.foxnews.com/media2.foxnews.com/thumbnails/i/083013/640/360/931/524/083013_edge_IRSgaymarriage_640.jpg?ve=1&tl=1,,Full benefits will now be available to all couples
NYT,Gay Marriages Get Recognition From the I.R.S.,http://www.nytimes.com/2013/08/30/us/politics/irs-to-recognize-all-gay-marriages-regardless-of-state.html,IMAGE,https://static01.nyt.com/images/2013/08/30/us/JP-MARRIAGE-1/JP-MARRIAGE-1-articleLarge.jpg?quality=75&auto=webp&disable=upscale,,"In June, supporters of same-sex marriage in West Hollywood, Calif., celebrated the Supreme Court’s ruling striking down the Defense of Marriage Act."
FOX,AARP Pushes Back on Claim About Social Security Concessions as Lawmakers Push Reform,http://www.foxnews.com/politics/2011/06/17/stage-set-for-social-security-talks-lawmakers-push-reform-aarp-reportedly-open,IMAGE,https://a57.foxnews.com/a57.foxnews.com/static.foxnews.com/foxnews.com/content/uploads/2018/09/640/320/1862/1048/hutchison_030110.jpg?ve=1&tl=1?ve=1&tl=1,"Sen. Kay Bailey Hutchison visits Wharton, Texas, March 1, 2010.","          Sen. Kay Bailey Hutchison visits Wharton, Texas, March 1, 2010.
          (AP)"
NYT,AARP Open to Social Security Cuts,http://www.nytimes.com/2011/06/18/us/18aarp.html,NONE,NONE,NONE,NONE
FOX,"Federal prosecutors plan to file charges against Rep. Grimm, attorney says",http://www.foxnews.com/politics/2014/04/25/federal-prosecutors-plan-to-file-charges-against-rep-grimm-attorney-says.html,IMAGE,https://a57.foxnews.com/a57.foxnews.com/static.foxnews.com/foxnews.com/content/uploads/2018/09/640/320/1862/1048/grimminternal15121.jpg?ve=1&tl=1?ve=1&tl=1,"Jan 2, 2013: Representative Michael Grimm (R-NY) talks to the media. (Reuters)","          Jan 2, 2013: Representative Michael Grimm (R-NY) talks to the media. (Reuters)
          "
NYT,"Indictment Expected for Grimm, Staten Island Congressman",https://www.nytimes.com/2014/04/26/nyregion/indictment-expected-for-representative-michael-grimm.html,IMAGE,https://static01.nyt.com/images/2014/04/26/nyregion/26grimm/26grimm-articleLarge.jpg?quality=75&auto=webp&disable=upscale,,Representative Michael G. Grimm
FOX,"Republicans challenge Clinton claims on budget cuts, Benghazi cable",http://www.foxnews.com/politics/2013/01/24/republicans-challenge-clinton-claims-on-budget-cuts-benghazi-cable/,VIDEO,https://a57.foxnews.com/a57.foxnews.com/media2.foxnews.com/thumbnails/i/012313/640/360/931/524/012313_sr_panel_640.jpg?ve=1&tl=1,,All-Star panel weighs in
NYT,"Facing Congress, Clinton Defends Her Actions Before and After Libya Attack",http://www.nytimes.com/2013/01/24/us/testifying-on-benghazi-clinton-cites-new-security-steps.html,IMAGE,https://static01.nyt.com/images/2013/01/24/us/Clinton/Clinton-articleLarge-v2.jpg?quality=75&auto=webp&disable=upscale,,Secretary of State Hillary Rodham Clinton faced tough questions over the attack on an American mission.
FOX,Reid Breaks With Obama Over Proposed Ground Zero Mosque,http://www.foxnews.com/politics/2010/08/16/white-house-says-politics-factor-decision-enter-mosque-debate/,IMAGE,https://a57.foxnews.com/static.foxnews.com/foxnews.com/content/uploads/2018/09/931/524/Proposed-Mosque-Site.jpg?ve=1&tl=1,Debate Rages Over Ground Zero Mosque,"President Obama has expressed his support for the construction of a Muslim community center and mosque near the World Trade Center site in downtown Manhattan, as many protest the plan, saying it is wrong to build a mosque so close to the site of the Sept. 11 attacks. "
NYT,G.O.P. Seizes on Mosque Issue Ahead of Elections,https://www.nytimes.com/2010/08/17/us/politics/17mosque.html,IMAGE,https://static01.nyt.com/images/2010/08/17/us/MOSQUE/MOSQUE-jumbo.jpg?quality=75&auto=webp&disable=upscale,,Senator Harry Reid of Nevada.
FOX,"President Trump takes office vowing to restore prosperity, ‘fight’ for country",https://www.foxnews.com/politics/president-trump-takes-office-vowing-to-restore-prosperity-fight-for-country,VIDEO,https://a57.foxnews.com/static.foxnews.com/foxnews.com/content/uploads/2018/09/340/340/bergerpic2.jpg?ve=1&tl=1,,President Trump delivers his inaugural address
NYT,"Donald Trump Is Sworn In as President, Capping His Swift Ascent",https://www.nytimes.com/2017/01/20/us/politics/trump-inauguration-day.html,VIDEO,https://static01.nyt.com/images/2017/01/21/us/21MEDIA-01p/21inauguration-trump-highlights-videoSixteenByNineJumbo1600-v2.jpg,,"“From this day forward, it's going to be only America first, America first,” President Trump declared in a forceful 16-minute Inaugural Address."
FOX,"Chick-fil-A Appreciation Day brings out supporters, protesters",http://www.foxnews.com/politics/2012/08/01/chick-fil-appreciation-day-brings-out-supporters-more-protestors,VIDEO,https://a57.foxnews.com/static.foxnews.com/foxnews.com/content/uploads/2018/09/340/340/john-roberts.png?ve=1&tl=1,,Former Arkansas Governor Mike Huckabee on turnout
NYT,Chick-fil-A Draws Huge Crowds for Appreciation Day,http://thelede.blogs.nytimes.com/2012/08/01/chick-fil-a-draws-huge-crowds-for-appreciation-day/,IMAGE,https://static01.nyt.com/images/blogs_v5/thelede/thelede_post.png,,
FOX,"Obama endorses Clinton for president, on heels of Sanders meeting",http://www.foxnews.com/politics/2016/06/09/obama-endorses-clinton-for-president-on-heels-sanders-meeting.html,VIDEO,https://a57.foxnews.com/media2.foxnews.com/BrightCove/694940094001/2016/06/09/931/524/694940094001_4933202370001_c6817bf8-f5bc-4cde-bfb1-be39ddb1235d.jpg?ve=1&tl=1,,Calls her the most qualified candidate to run for the presidency
NYT,Bernie Sanders Meets President Obama and Pledges to Work to Defeat Donald Trump,https://mobile.nytimes.com/2016/06/10/us/politics/bernie-sanders-obama-washington.html,VIDEO,https://static01.nyt.com/images/2016/06/10/us/10fdsanders-sub/10fdsanders-sub-videoSixteenByNineJumbo1600-v2.jpg,,The Democratic presidential candidate Bernie Sanders announced that he will talk with Hillary Clinton soon about making sure Donald J. Trump does not become president.
FOX,"While Blumenthal Retains Washington Support, Republicans Smell Opening in CT",http://www.foxnews.com/politics/2010/05/18/while-blumenthal-retains-washington-support-republicans-smell-opening-in-ct.html,IMAGE,//static.foxnews.com/foxnews.com/content/uploads/2019/08/elections-og-candidate-tracker-3.png,,
NYT,Richard Blumenthal's Words on Vietnam Service Differ From History,http://www.nytimes.com/2010/05/18/nyregion/18blumenthal.html,IMAGE,https://static01.nyt.com/images/2010/05/18/nyregion/18blumenthal_CA0/18blumenthal_CA0-articleLarge.jpg?quality=75&auto=webp&disable=upscale,,Attorney General Richard Blumenthal of Connecticut is running for a seat in the Senate.
FOX,"House approves sweeping Dem election reform bill, amid First Amendment concerns",https://www.foxnews.com/politics/house-approves-sweeping-dem-election-reform-bill-amid-first-amendment-concerns,VIDEO,https://a57.foxnews.com/static.foxnews.com/foxnews.com/content/uploads/2019/09/340/340/fe850e50-download.jpg?ve=1&tl=1,,
NYT,House Passes Democrats’ Centerpiece Anti-Corruption and Voting Rights Bill,https://www.nytimes.com/2019/03/08/us/politics/house-democrats-anticorruption-voting-rights.html,IMAGE,https://static01.nyt.com/images/2019/03/08/us/politics/08dc-house/merlin_151784448_07692fab-639b-4164-acdc-295e1863b3a1-articleLarge.jpg?quality=75&auto=webp&disable=upscale,,Speaker Nancy Pelosi and House members spoke on the steps of the Capitol on Friday about the For the People Act.
FOX,"As Mueller findings released, 2020 Dems demand to see 'whole damn report'",https://www.foxnews.com/politics/as-mueller-findings-released-2020-dems-demand-whole-report,VIDEO,https://a57.foxnews.com/media2.foxnews.com/BrightCove/694940094001/2019/03/25/931/524/694940094001_6017716216001_6017715099001-vs.jpg?ve=1&tl=1,,Trump opponents are trying to keep the focus on the Russia investigation as the White House seeks to move on; Peter Doocy reports from Washington.
NYT,2020 Candidates Demand Full and Immediate Release of Mueller Report,https://www.nytimes.com/2019/03/22/us/politics/mueller-report-2020-candidates.html,IMAGE,https://static01.nyt.com/images/2019/03/22/watching/22Candidates/22Candidates-articleLarge.jpg?quality=75&auto=webp&disable=upscale,,Senator Cory Booker was among the Democratic presidential candidates urging the swift public release for the Mueller report. 
FOX,"Senate Republicans Vow to Block Dem Legislation Until Tax Cuts, Budget Pass",https://www.foxnews.com/politics/senate-republicans-vow-to-block-dem-legislation-until-tax-cuts-budget-pass,IMAGE,https://a57.foxnews.com/a57.foxnews.com/static.foxnews.com/foxnews.com/content/uploads/2018/09/640/320/1862/1048/mconnell_mitch_111610.jpg?ve=1&tl=1?ve=1&tl=1,"In this Nov. 16 photo, Republican Senate Leader Mitch McConnell, left, accompanied by Sen. Lamar Alexander, R-Tenn., center, and Sen. John Cornyn, R-Texas, speaks at a news conference on Capitol Hill. (AP Photo)","          In this Nov. 16 photo, Republican Senate Leader Mitch McConnell, left, accompanied by Sen. Lamar Alexander, R-Tenn., center, and Sen. John Cornyn, R-Texas, speaks at a news conference on Capitol Hill. (AP Photo)
          "
NYT,Senate Republicans: No Legislation Until After Tax Cut Extension,https://thecaucus.blogs.nytimes.com/2010/12/01/senate-republicans-no-legislation-until-after-tax-cut-extension/,NONE,NONE,NONE,NONE
FOX,"FBI fires Peter Strzok, months after anti-Trump texts revealed",http://www.foxnews.com/politics/2018/08/13/fbi-fires-peter-strzok-months-after-anti-trump-texts-revealed.html,VIDEO,https://a57.foxnews.com/static.foxnews.com/foxnews.com/content/uploads/2018/09/340/340/bergerpic2.jpg?ve=1&tl=1,,"Strzok's attorney says the FBI's decision is a 'departure from typical bureau practice'; reaction from Rep. Darrell Issa, Republican member of the House Judiciary Committee."
NYT,"F.B.I. Agent Peter Strzok, Who Criticized Trump in Texts, Is Fired",https://www.nytimes.com/2018/08/13/us/politics/peter-strzok-fired-fbi.html,IMAGE,https://static01.nyt.com/images/2018/08/14/us/politics/14dc-strzok-print/26dc-fbi-articleLarge.jpg?quality=75&auto=webp&disable=upscale,,"Peter Strzok, a top F.B.I. counterintelligence agent who was taken off the special counsel investigation after his disparaging texts about President Trump were uncovered, was fired."
FOX,Benghazi emails underscore State Department’s concern over failure to act on warnings,http://www.foxnews.com/politics/2013/05/13/benghazi-emails-underscore-state-departments-concern-over-failure-to-act-on/,VIDEO,https://a57.foxnews.com/a57.foxnews.com/media2.foxnews.com/thumbnails/i/051313/640/360/931/524/051313_fff_benghaziclintonlwt_640.jpg?ve=1&tl=1,,"Republicans, Democrats go head-to-head"
NYT,E-Mails Show Jostling Over Benghazi ‘Talking Points’,http://www.nytimes.com/2013/05/16/us/politics/e-mails-show-jostling-over-benghazi-talking-points.html,IMAGE,https://static01.nyt.com/images/2013/05/16/us/16benghazi1/16benghazi1-articleLarge.jpg?quality=75&auto=webp&disable=upscale,,"The diplomatic post in Benghazi, Libya, after the attack last year that killed four Americans."
FOX,Shooting spurs calls for new lawmaker security measures,http://www.foxnews.com/politics/2017/06/15/shooting-spurs-calls-for-new-lawmaker-security-measures.html,VIDEO,https://a57.foxnews.com/static.foxnews.com/foxnews.com/content/uploads/2018/10/340/340/img_2751-54438.jpg?ve=1&tl=1,,Virginia congressman says town halls may need tighter security
NYT,"Shooting Brings Rare Comity to the Capital, but Will It Last?",https://mobile.nytimes.com/2017/06/15/us/politics/shooting-brings-rare-comity-to-the-capitol-but-will-it-last.html,VIDEO,https://static01.nyt.com/images/2017/06/16/us/16dc-baseball2/16dc-baseball2-videoSixteenByNine3000-v2.jpg,,"The day after a shooting at a baseball practice left four injured, including Steve Scalise, the majority whip of the House of Representatives, the bipartisan congressional baseball game played on."
FOX,Adam Schiff urged to step down as chairman by House Intelligence Committee Republicans,https://www.foxnews.com/politics/adam-schiff-urged-to-step-down-by-gop-members-on-house-intelligence-committee,VIDEO,https://a57.foxnews.com/media2.foxnews.com/BrightCove/694940094001/2019/03/28/931/524/694940094001_6019177201001_6019186018001-vs.jpg?ve=1&tl=1,,The nine Republicans on the House Intelligence Committee present a letter calling for the resignation of Democrat Chair Adam Schiff over his repeated claims of Trump-Russia collusion after the release of the Mueller report.
NYT,Demands for Adam Schiff's Head Highlight Chasm That Only Widened With Mueller's Conclusion,https://www.nytimes.com/2019/03/28/us/politics/adam-schiff-resign.html,VIDEO,https://static01.nyt.com/images/2019/03/28/us/politics/28dc-intel1/28dc-intel1-videoSixteenByNine3000.jpg,,"Republicans in the House Intelligence Committee called for the chairman, Representative Adam Schiff, to step down."
FOX,Supreme Court Questions Claims in Sex Bias Suit Against Wal-Mart,http://www.foxnews.com/politics/2011/03/29/supreme-court-questions-claims-sex-bias-suit-wal-mart/,IMAGE,https://a57.foxnews.com/a57.foxnews.com/static.foxnews.com/foxnews.com/content/uploads/2018/09/640/320/1862/1048/scotus_walmart_032911.jpg?ve=1&tl=1?ve=1&tl=1,People line up outside the Supreme Court in Washington March 29 to attend a hearing on women employees against Wal-Mart.,"          People line up outside the Supreme Court in Washington March 29 to attend a hearing on women employees against Wal-Mart.
          (AP)"
NYT,Justices Take Up Crucial Issue in Wal-Mart Suit,https://www.nytimes.com/2011/03/30/business/30walmart.html,IMAGE,https://static01.nyt.com/images/2011/03/30/us/30walmart_cnd/30walmart_cnd-articleLarge.jpg?quality=75&auto=webp&disable=upscale,,Demonstrators gathered in front of the Supreme Court in Washington to show their support for female workers suing Wal-Mart Stores for alleged workplace discrimination in March.
FOX,Who is Dave Brat?,http://www.foxnews.com/politics/2014/06/10/who-is-dave-brat-political-novice-who-beat-house-majority-leader-eric-cantor/,VIDEO,https://a57.foxnews.com/a57.foxnews.com/media2.foxnews.com/thumbnails/i/061014/640/360/931/524/061014_hannity_interview_640.jpg?ve=1&tl=1,,Brat reacts to 'political earthquake'
NYT,"Eric Cantor Defeated by David Brat, Tea Party Challenger, in G.O.P. Primary Upset",https://www.nytimes.com/2014/06/11/us/politics/eric-cantor-loses-gop-primary.html,IMAGE,https://static01.nyt.com/images/2014/06/11/us/11CANTOR-hp2/11CANTOR-hp2-articleLarge-v3.jpg?quality=75&auto=webp&disable=upscale,,"Eric Cantor, a Republican, gave a concession speech in Richmond, Va."
FOX,"Bloomberg says Trump a 'dangerous demagogue,' endorses Clinton at DNC",http://www.foxnews.com/politics/2016/07/27/bloomberg-says-trump-dangerous-demagogue-endorses-clinton-at-dnc.html,VIDEO,https://a57.foxnews.com/media2.foxnews.com/BrightCove/694940094001/2016/07/27/931/524/694940094001_5056093017001_de60368e-7f0d-4125-8a1f-e73c62d39d37.jpg?ve=1&tl=1,,Former New York City mayor addresses the Democratic National Convention
NYT,"For Trump and Bloomberg, Cordial Ties Have Soured",https://www.nytimes.com/2016/07/29/nyregion/for-trump-and-bloomberg-cordial-ties-have-soured.html,IMAGE,https://static01.nyt.com/images/2016/07/29/nyregion/29BLOOMBERG2/29BLOOMBERG2-articleLarge.jpg?quality=75&auto=webp&disable=upscale,,"Former Mayor Michael R. Bloomberg of New York and Donald J. Trump at the Trump National Golf Club, in the city’s northern suburbs, in 2007."
FOX,GOP Smackdown: Rep. Labrador Enters The Race For House Majority Leadership,https://www.foxnews.com/politics/gop-smackdown-rep-labrador-enters-the-race-for-house-majority-leadership,IMAGE,https://a57.foxnews.com/a57.foxnews.com/static.foxnews.com/foxnews.com/content/uploads/2018/09/640/320/1862/1048/6e8f63e7-labardor-cropped.jpg?ve=1&tl=1?ve=1&tl=1,"WASHINGTON, DC - FEBRUARY 10:  Rep. Raul Labrador (R-ID), speaks at the Conservative Political Action conference (CPAC), on February 10, 2011 in Washington, DC. The CPAC annual gathering is a project of the American Conservative Union.  (Photo by Mark Wilson/Getty Images) *** Local Caption *** Raul Labrador","
          WASHINGTON, DC - FEBRUARY 10:  Rep. Raul Labrador (R-ID), speaks at the Conservative Political Action conference (CPAC), on February 10, 2011 in Washington, DC. The CPAC annual gathering is a project of the American Conservative Union.  (Photo by Mark Wilson/Getty Images) *** Local Caption *** Raul Labrador
          "
NYT,"Idaho Republican, Appealing to Right, Enters Race to Replace Cantor",http://mobile.nytimes.com/2014/06/14/us/idaho-republican-appealing-to-right-enters-race-to-replace-cantor.html,IMAGE,https://static01.nyt.com/images/2014/06/14/us/REPUBS1/REPUBS1-articleLarge.jpg?quality=75&auto=webp&disable=upscale,,"Representative Raúl R. Labrador, a Republican of Idaho, has jumped into the race for House majority leader."
FOX,"Trump Sends Investigators to Hawaii, Gains in GOP Presidential Primary Poll",http://www.foxnews.com/politics/2011/04/07/trump-sends-investigators-hawaii-gains-gop-presidential-primary-poll/,IMAGE,https://a57.foxnews.com/a57.foxnews.com/static.foxnews.com/foxnews.com/content/uploads/2018/09/640/320/1862/1048/trump_donald_melania.jpg?ve=1&tl=1?ve=1&tl=1,"If Donald Trump became president, Melania Trump would become the first foreign-born first lady since Louisa Adams, wife of John Quincy Adams, the sixth U.S. president who served from 1825-1829.","          If Donald Trump became president, Melania Trump would become the first foreign-born first lady since Louisa Adams, wife of John Quincy Adams, the sixth U.S. president who served from 1825-1829.
          (AP)"
NYT,Trump Plans Meeting on Arizona Birth Bill ,http://thecaucus.blogs.nytimes.com/2011/04/07/trump-plans-meeting-on-arizona-birth-bill/,NONE,NONE,NONE,NONE
FOX,Jackson pleads guilty over illegal campaign spending spree,http://www.foxnews.com/politics/2013/02/20/jackson-pleads-guilty-to-misuse-campaign-funds/,IMAGE,https://a57.foxnews.com/a57.foxnews.com/static.foxnews.com/foxnews.com/content/uploads/2018/09/640/320/1862/1048/jackson_court_022013.jpg?ve=1&tl=1?ve=1&tl=1,"Feb. 20, 2013: Former Illinois Rep. Jesse Jackson Jr. arrives at the E. Barrett Prettyman Federal Courthouse in Washington.","          Feb. 20, 2013: Former Illinois Rep. Jesse Jackson Jr. arrives at the E. Barrett Prettyman Federal Courthouse in Washington.
          (AP)"
NYT,Jesse Jackson Jr. Pleads Guilty in Campaign Money Case,http://www.nytimes.com/2013/02/21/us/politics/jesse-l-jackson-jr-pleads-guilty-to-wire-and-mail-fraud.html,IMAGE,https://static01.nyt.com/images/2013/02/21/us/21jackson_3/21jackson_3-articleLarge.jpg?quality=75&auto=webp&disable=upscale,,Jesse L. Jackson Jr. entering court in Washington on Wednesday morning.
FOX,Defense Secretary James Mattis to leave as of January 1; Trump taps Patrick Shanahan as acting secretary of defense,https://www.foxnews.com/politics/defense-secretary-james-mattis-to-leave-as-of-january-1-trump-taps-patrick-shanahan-as-acting-secretary-of-defense,VIDEO,https://a57.foxnews.com/static.foxnews.com/foxnews.com/content/uploads/2018/09/340/340/greggre.jpg?ve=1&tl=1,,Former Trump campaign manager Corey Lewandowski and former deputy assistant secretary of state in the Obama administration Joel Rubin debate.
NYT,"Jim Mattis, Defense Secretary, Resigns in Rebuke of Trump’s Worldview",https://www.nytimes.com/2018/12/20/us/politics/jim-mattis-defense-secretary-trump.html,IMAGE,https://static01.nyt.com/images/2018/12/21/us/politics/21dc-mattis-promo/21dc-mattis-promo-articleLarge-v3.jpg?quality=75&auto=webp&disable=upscale,,"Jim Mattis, the secretary of defense, found himself at odds with President Trump on several issues, including NATO policy and a military parade."
FOX,Perry TV Ad: I Can Defend Faith from Obama’s “War on Religion,http://www.foxnews.com/politics/2011/12/07/perry-tv-ad-can-defend-faith-from-obamas-war-on-religion/,IMAGE,//static.foxnews.com/foxnews.com/content/uploads/2019/08/elections-og-candidate-tracker-3.png,,
NYT,Perry Ad Focuses on Gays and Christianity,http://thecaucus.blogs.nytimes.com/2011/12/07/perry-ad-focuses-on-gays-and-christianity/,VIDEO,https://www.youtube.com/watch?v=0PAJNntoRgA,,
FOX,Prominent Republicans call for Ariz. Gov. Jan Brewer to veto bill allowing denial of service to gays,https://www.foxnews.com/us/prominent-republicans-call-for-ariz-gov-jan-brewer-to-veto-bill-allowing-denial-of-service-to-gays,IMAGE,https://a57.foxnews.com/a57.foxnews.com/static.foxnews.com/foxnews.com/content/uploads/2018/09/640/320/1862/1048/e10b2d37e6a9da074c0f6a70670018ba.jpg?ve=1&tl=1?ve=1&tl=1,"Jan. 13, 2014: Arizona Gov. Jan Brewer speaks during her State of the State address at the Arizona Capitol in Phoenix.","
          Jan. 13, 2014: Arizona Gov. Jan Brewer speaks during her State of the State address at the Arizona Capitol in Phoenix.
          "
NYT,Governor of Arizona Is Pressed to Veto Bill,https://www.nytimes.com/2014/02/25/us/governor-of-arizona-is-pressed-to-veto-bill.html,NONE,NONE,NONE,NONE
FOX,"Washington gov, Seattle mayor ban official travel to Indiana in wake of 'religious freedom' law",http://www.foxnews.com/politics/2015/03/31/seattle-mayor-bans-official-travel-to-indiana-amid-opposition-to-state-new.html,VIDEO,https://a57.foxnews.com/a57.foxnews.com/media2.foxnews.com/2015/03/30/640/360/931/524/033015_an_indiana_640.jpg?ve=1&tl=1,,Gov. Mike Pence defends the law saying it's designed to protect people from being forced to do something that goes against their beliefs
NYT,Indiana Governor Says Legislators May Clarify Religious Beliefs Law,https://www.nytimes.com/2015/03/30/us/politics/legislators-in-indiana-may-clarify-beliefs-law.html,NONE,NONE,NONE,NONE
FOX,"In first foreign policy speech, candidate Rubio pushes stronger U.S. leadership",http://www.foxnews.com/politics/2015/05/13/in-first-foreign-policy-speech-candidate-marco-rubio-pushes-stronger-us.html,IMAGE,https://a57.foxnews.com/static.foxnews.com/foxnews.com/content/uploads/2018/09/340/340/lizphotocrop.jpeg?ve=1&tl=1,Elizabeth Llorente,"          WAUKEE, IA - APRIL 25:  Senator Marco Rubio (R-FL) speaks to guests gathered at the Point of Grace Church for the Iowa Faith and Freedom Coalition 2015 Spring Kickoff on April 25, 2015 in Waukee, Iowa. The Iowa Faith &amp; Freedom Coalition, a conservative Christian organization, hosted 9 potential contenders for the 2016 Republican presidential nominations at the event.  (Photo by Scott Olson/Getty Images)
          (2015 Getty Images)"
NYT,Marco Rubio to Outline His Approach to Foreign Policy,https://www.nytimes.com/politics/first-draft/2015/05/13/marco-rubio-to-outline-his-approach-to-foreign-policy/,IMAGE,https://static01.nyt.com/images/2015/05/13/us/politics/13firstdraft-rubio/13firstdraft-rubio-tmagArticle.jpg,"Senator Marco Rubio at the Freedom Summit in Greenville, S.C., this month.","Senator Marco Rubio at the Freedom Summit in Greenville, S.C., this month."
FOX,Susan Rice calls Netanyahu's Capitol Hill speech 'destructive' to US-Israel relations,http://www.foxnews.com/politics/2015/02/25/white-house-adviser-rice-says-netanyahu-capitol-hill-address-destructive-to-us.html,VIDEO,https://a57.foxnews.com/a57.foxnews.com/media2.foxnews.com/2015/02/06/640/360/931/524/020615_tf_rice.jpg?ve=1&tl=1,,Obama administration downplays global terrorism
NYT,Obama Aide Calls Netanyahu’s Planned Visit ‘Destructive’ to U.S.-Israel Ties,https://www.nytimes.com/2015/02/26/us/politics/susan-rice-calls-netanyahus-planned-visit-destructive-to-us-israel-ties.html,VIDEO,https://static01.nyt.com/images/2015/02/25/multimedia/susan-rice-destructive/susan-rice-destructive-videoSixteenByNine1050.jpg,,"Susan E. Rice, President Obama’s national security adviser, said that Prime Minister Benjamin Netanyahu’s planned speech to Congress posed a problem for the Israeli-American relationship."
FOX,"Obama urges new restrictions on assault weapons, magazines as part of gun control plan",http://www.foxnews.com/politics/2013/01/16/obama-urges-new-restrictions-on-assault-weapons-magazines-as-part-gun-control/,VIDEO,https://a57.foxnews.com/a57.foxnews.com/media2.foxnews.com/thumbnails/i/011613/640/360/931/524/obama_guns_011613.jpg?ve=1&tl=1,,Announces plans to use 23 executive actions
NYT,Obama Poised to Back Comprehensive Plan to Curb Gun Violence,http://www.nytimes.com/2013/01/15/us/politics/biden-meets-with-house-democrats-on-gun-violence-proposals.html,IMAGE,https://static01.nyt.com/images/2013/01/15/us/GUNS/GUNS-articleLarge.jpg?quality=75&auto=webp&disable=upscale,,"Vice President Joseph R. Biden Jr., who is leading a task force to address gun violence, at a White House meeting last week with members of victims’ groups and gun safety organizations."
FOX,Massachusetts Gov. Deval Patrick  picks former staffer to fill Kerry's Senate seat,http://www.foxnews.com/politics/2013/01/30/mass-gov-picks-former-staffer-to-fill-kerry-senate-seat-until-june-election/,IMAGE,//static.foxnews.com/foxnews.com/content/uploads/2019/08/elections-og-candidate-tracker-3.png,,
NYT,William Cowan Named Interim Senator in Massachusetts,http://www.nytimes.com/2013/01/31/us/politics/boston-lawyer-chosen-for-kerrys-senate-seat.html,IMAGE,https://static01.nyt.com/images/2013/01/31/us/jp-MASSACHUSETTS/jp-MASSACHUSETTS-articleLarge.jpg?quality=75&auto=webp&disable=upscale,,"From left, Gov. Deval Patrick, William Cowan, Massachusetts' interim senator, and Lt. Gov. Timothy Murray at a news conference on Wednesday."
FOX,"Clinton camp releases candidate's clean bill of health, tax returns",http://www.foxnews.com/politics/2015/07/31/clintoncamp-to-release-doctor-note-saying-in-excellent-condition.html,VIDEO,https://a57.foxnews.com/a57.foxnews.com/media2.foxnews.com/2015/07/31/640/360/931/524/073115_hn_trail.jpg?ve=1&tl=1,,Ongoing email controversy a distraction for Democratic presidential hopeful's campaign
NYT,Clintons Report Earnings of $139 Million in Seven Years,https://www.nytimes.com/politics/first-draft/2015/07/31/hillary-clinton-releases-8-years-of-tax-returns,IMAGE,https://static01.nyt.com/images/2015/07/31/us/31firstdraft-clintontax/31firstdraft-clintontax-tmagArticle.jpg,"Hillary Rodham Clinton at a campaign stop in Hopkinton, N.H., on Tuesday.","Hillary Rodham Clinton at a campaign stop in Hopkinton, N.H., on Tuesday."
FOX,"Rep. Weiner Denies Sending Lewd Photo, Can't Say Whether Image Is Him",http://www.foxnews.com/politics/2011/06/01/rep-weiner-knocks-questions-lewd-photo-says-wont-distracted,IMAGE,//static.foxnews.com/foxnews.com/content/uploads/2019/08/elections-og-candidate-tracker-3.png,,
NYT,Weiner Denies Sending Photo but Is Less Sure About Its Origin,http://www.nytimes.com/2011/06/02/nyregion/weiner-denies-sending-photo-over-twitter-but-is-less-sure-of-its-origin.html,IMAGE,https://static01.nyt.com/images/2011/06/02/nyregion/weiner/weiner-jumbo.jpg?quality=75&auto=webp&disable=upscale,,Representative Anthony D. Weiner sat for interviews on Wednesday.
FOX,Hillary Clinton's use of private email address while secretary of state draws scrutiny,http://www.foxnews.com/politics/2015/03/03/hillary-clinton-exclusively-used-private-email-account-while-secretary-state-ny.html,VIDEO,https://a57.foxnews.com/a57.foxnews.com/media2.foxnews.com/2015/03/03/640/360/931/524/030315_otr_email.jpg?ve=1&tl=1,,Hillary Clinton's use of her private email exclusively while secretary of state just the latest question to dog her potential 2016 White House run
NYT,Hillary Clinton Asks State Department to Vet Emails for Release,https://www.nytimes.com/2015/03/06/us/politics/hillary-clinton-asks-state-dept-to-review-emails-for-public-release.html,IMAGE,https://static01.nyt.com/images/2015/03/06/us/06EMAILS/06EMAILS-articleLarge.jpg?quality=75&auto=webp&disable=upscale,,"Hillary Rodham Clinton, then secretary of state, after addressing the United Nations Security Council in 2012."
FOX,"'Jail!' Trump slams 'crooked' Hillary aide Huma, calls on 'Deep State' DOJ to act",http://www.foxnews.com/politics/2018/01/02/jail-trump-slams-crooked-hillary-aide-huma-calls-on-deep-state-doj-to-act.html,VIDEO,https://a57.foxnews.com/static.foxnews.com/foxnews.com/content/uploads/2018/10/340/340/img_2751-54438.jpg?ve=1&tl=1,,Daily Caller investigative reporter Luke Rosiak explains.
NYT,Trump Accuses Former Clinton Aide of Failing to Follow Security Protocols,https://www.nytimes.com/2018/01/02/us/politics/trump-clinton-aide-huma-abedin.html,IMAGE,https://static01.nyt.com/images/2018/01/03/us/03dc-clinton1/03dc-clinton1-articleLarge.jpg?quality=75&auto=webp&disable=upscale,,"Hillary Clinton and her longtime aide Huma Abedin on the campaign plane in October 2016 in White Plains, N.Y., during her bid for the presidency."
FOX,"Federal prosecutors subpoena Christie's campaign, NJ GOP committee",http://www.foxnews.com/politics/2014/01/23/federal-prosecutors-subpoena-new-jersey-gov-christie-campaign-gop/,IMAGE,https://a57.foxnews.com/a57.foxnews.com/static.foxnews.com/foxnews.com/content/uploads/2018/09/640/320/1862/1048/Christie_081613.jpg?ve=1&tl=1?ve=1&tl=1,"Aug 15, 2013: New Jersey Gov. Chris Christie speaks to fellow Republicans during the Republican National Committee summer meeting in Boston.","          Aug 15, 2013: New Jersey Gov. Chris Christie speaks to fellow Republicans during the Republican National Committee summer meeting in Boston.
          "
NYT,U.S. Attorney Subpoenas Christie’s Campaign and New Jersey G.O.P.,https://mobile.nytimes.com/2014/01/24/nyregion/us-attorney-issues-subpoena-to-christies-re-election-campaign.html,NONE,NONE,NONE,NONE
FOX,Third-Highest Ranking Republican In U.S. House Calls For Legalizing Undocumented Immigrants,https://www.foxnews.com/politics/third-highest-ranking-republican-in-u-s-house-calls-for-legalizing-undocumented-immigrants,IMAGE,https://a57.foxnews.com/a57.foxnews.com/static.foxnews.com/foxnews.com/content/uploads/2018/09/640/320/1862/1048/mccarthy_kevin_071911-1.jpg?ve=1&tl=1?ve=1&tl=1,"FILE: UNDATED: House Majority Leader Kevin McCarthy, center, talks on Capitol Hill about the debt ceiling, Washington, D.C.","
          FILE: UNDATED: House Majority Leader Kevin McCarthy, center, talks on Capitol Hill about the debt ceiling, Washington, D.C.
          "
NYT,House Republicans to Offer Broad Immigration Plan,https://www.nytimes.com/2014/01/26/us/politics/house-republicans-to-offer-broad-immigration-plan.html,NONE,NONE,NONE,NONE
FOX,"Rep. Duncan Hunter, wife indicted on corruption charges in California",http://www.foxnews.com/politics/2018/08/21/rep-duncan-hunter-wife-indicted-on-corruption-charges-in-california.html,VIDEO,https://a57.foxnews.com/static.foxnews.com/foxnews.com/content/uploads/2020/01/340/340/9e278b6e-headshot2.jpg?ve=1&tl=1,,Five-term Republican congressman from California Duncan Hunter and his wife Margaret are accused of using campaign funds for personal expenses; William La Jeunesse reports from Los Angeles.
NYT,"Representative Duncan Hunter Is Indicted, Accused of Misusing Campaign Funds",https://www.nytimes.com/2018/08/21/us/politics/duncan-hunter-indicted.html,IMAGE,https://static01.nyt.com/images/2018/08/22/us/22hunter-print/22hunter-print-articleLarge-v2.jpg?quality=75&auto=webp&disable=upscale,,"Representative Duncan Hunter, Republican of California, and his wife are accused of spending tens of thousands of dollars of campaign funds on personal expenses like family trips and private school tuition."
FOX,"Democrats urge Trump to cancel Putin summit, after indictment of Russian intel officers",http://www.foxnews.com/politics/2018/07/13/democrats-urge-trump-to-cancel-putin-summit-after-indictment-russian-intel-officers.html,VIDEO,https://a57.foxnews.com/static.foxnews.com/foxnews.com/content/uploads/2018/10/340/340/img_2751-54438.jpg?ve=1&tl=1,,Herald Group Vice President of Public Affairs Sabrina Schaeffer and Daily Caller News Foundation Editor-in-Chief Chris Bedford on the indictments of 12 Russian intelligence officers as part of the Mueller investigation.
NYT,Democrats Say Trump Should Cancel Putin Meeting After Indictments,https://www.nytimes.com/2018/07/13/us/politics/democrats-russia-hacking-indictments.html,IMAGE,https://static01.nyt.com/images/2018/07/14/us/politics/14dc-cong1/merlin_141048030_6e791359-e5d8-4183-baf5-76b9997aca2b-articleLarge.jpg?quality=75&auto=webp&disable=upscale,,"Senator Chuck Schumer of New York, the Democratic leader, said President Trump should cancel his meeting with President Vladimir V. Putin of Russia."
